profile_shift_rank,station_name,profile_shift_l2,total_variation_distance,profile_cosine_similarity,h1_weekday_average,h2_weekday_average,h1_orientation_score,h2_orientation_score,orientation_score_change,h1_k2_cluster_name,h2_k2_cluster_name,k2_cluster_changed,h1_k3_cluster_name,h2_k3_cluster_name,k3_cluster_changed
1,이촌(국립중앙박물관),0.025422408793202338,0.06576343727764777,0.9906831470167415,20292.529411764706,23631.624,0.10814795497832269,0.17040067902163963,0.06225272404331694,업무 유입 중심,업무 유입 중심,False,혼합 흐름 중심,혼합 흐름 중심,False
2,월드컵경기장(성산),0.031901857972837545,0.06353293882584207,0.985121182593329,9888.159663865546,11730.272,-0.1526919931184251,-0.22751396444471794,-0.07482197132629284,주거 유출·귀가 중심,주거 유출·귀가 중심,False,혼합 흐름 중심,혼합 흐름 중심,False
3,동작(현충원),0.028236896809392727,0.052844727946635174,0.9896224390401364,5092.420168067227,5079.1359999999995,0.26341615121462386,0.269364889246024,0.005948738031400114,업무 유입 중심,업무 유입 중심,False,혼합 흐름 중심,혼합 흐름 중심,False
4,종합운동장,0.024262016089761678,0.036522051331505205,0.9941815034879644,28525.436974789915,28429.224000000002,-0.36569394175484965,-0.3263868087018385,0.039307133053011145,주거 유출·귀가 중심,주거 유출·귀가 중심,False,혼합 흐름 중심,혼합 흐름 중심,False
5,반포,0.018502225521228193,0.032581129914965055,0.9949671961828921,14053.9243697479,14955.224,0.236509864521987,0.1827685361855365,-0.05374132833645048,업무 유입 중심,업무 유입 중심,False,혼합 흐름 중심,혼합 흐름 중심,False
6,장승배기,0.014641199640162672,0.03254893092219362,0.9970465269201912,20473.974789915967,21430.56,-0.3589875779242683,-0.2833106988867506,0.07567687903751769,주거 유출·귀가 중심,주거 유출·귀가 중심,False,주거 유출·귀가 중심,주거 유출·귀가 중심,False
7,돌곶이,0.014485380706381999,0.03141833619446254,0.9979970009070216,23211.126050420167,25618.072,-0.4493005895718177,-0.5163865949512437,-0.06708600537942605,주거 유출·귀가 중심,주거 유출·귀가 중심,False,주거 유출·귀가 중심,주거 유출·귀가 중심,False
8,마곡,0.014419773149301629,0.03132939751932895,0.9975736898895416,29431.563025210085,34126.744,0.2715092959662354,0.33498255360953955,0.06347325764330414,업무 유입 중심,업무 유입 중심,False,업무 유입 중심,업무 유입 중심,False
9,성수,0.015276954451385551,0.028424480447762027,0.9979256227856739,107439.78151260504,116512.784,0.6179248565620411,0.6032941873024072,-0.014630669259633855,업무 유입 중심,업무 유입 중심,False,업무 유입 중심,업무 유입 중심,False
10,숭실대입구(살피재),0.011762801348262351,0.027859414529907447,0.9979806089879456,32697.680672268907,31059.136000000002,-0.27632686700755926,-0.32140492988415637,-0.0450780628765971,주거 유출·귀가 중심,주거 유출·귀가 중심,False,혼합 흐름 중심,주거 유출·귀가 중심,True
11,이태원,0.010626708362286831,0.026522018847651246,0.9982361524352104,24104.899159663866,25350.32,0.26842560994244385,0.2511608114001771,-0.017264798542266757,업무 유입 중심,업무 유입 중심,False,혼합 흐름 중심,혼합 흐름 중심,False
12,남태령,0.010550130363876479,0.02651980031959861,0.9988409810053949,3118.9747899159665,2991.648,0.3341219583404645,0.3407540996531063,0.006632141312641837,업무 유입 중심,업무 유입 중심,False,혼합 흐름 중심,혼합 흐름 중심,False
13,여의나루,0.010015638226312467,0.023523544607419417,0.9990348674641377,30192.605042016807,28426.344,0.5523987813383255,0.5684658014538873,0.016067020115561714,업무 유입 중심,업무 유입 중심,False,업무 유입 중심,업무 유입 중심,False
14,잠원,0.013737436018542519,0.0227467350421049,0.9972455822077835,11555.865546218487,14982.176000000001,-0.2456683770244638,-0.26842076520637415,-0.022752388181910332,주거 유출·귀가 중심,주거 유출·귀가 중심,False,혼합 흐름 중심,주거 유출·귀가 중심,True
15,한강진,0.0098620567165768,0.02190421313798284,0.9989062058820852,24189.638655462186,22494.528,0.4756429938187551,0.4771292886108934,0.0014862947921382985,업무 유입 중심,업무 유입 중심,False,업무 유입 중심,업무 유입 중심,False
16,명동,0.011517323859220207,0.021222281129844412,0.9983566242855709,75000.36134453781,79725.256,0.48966206738248874,0.4409883952823187,-0.04867367210017004,업무 유입 중심,업무 유입 중심,False,업무 유입 중심,업무 유입 중심,False
17,안암(고대병원앞),0.009110146447963562,0.021038121079289786,0.9988727742741903,31389.210084033613,30125.696,0.4320189674232861,0.4328139578221766,0.0007949903988904716,업무 유입 중심,업무 유입 중심,False,업무 유입 중심,업무 유입 중심,False
18,서대문,0.01079991407837405,0.02097656151666418,0.9993092314926957,48060.4537815126,45878.632,0.6456821516861168,0.6208720543356049,-0.024810097350511873,업무 유입 중심,업무 유입 중심,False,업무 유입 중심,업무 유입 중심,False
19,삼각지(전쟁기념관),0.00972475536612905,0.02081945973860111,0.9987155933787069,30420.27731092437,31873.104,0.19221095466401153,0.1795700765962375,-0.01264087806777403,업무 유입 중심,업무 유입 중심,False,혼합 흐름 중심,혼합 흐름 중심,False
20,한양대,0.009852363677728751,0.02030402673058423,0.9989360917985672,29979.26050420168,29211.248,0.5893723262518793,0.5831292337290573,-0.006243092522821958,업무 유입 중심,업무 유입 중심,False,업무 유입 중심,업무 유입 중심,False
21,장암,0.010207915776506317,0.019798560158367857,0.9993226083263221,4379.789915966387,4335.952,-0.6323359117259139,-0.6184943015040789,0.013841610221834943,주거 유출·귀가 중심,주거 유출·귀가 중심,False,주거 유출·귀가 중심,주거 유출·귀가 중심,False
22,학여울,0.008825325325735921,0.019413011428705444,0.99890330910679,5164.151260504202,5166.416,0.1444594563498717,0.1435360307203593,-0.0009234256295123922,업무 유입 중심,업무 유입 중심,False,혼합 흐름 중심,혼합 흐름 중심,False
23,어린이대공원(세종대),0.008187728278948902,0.019019303969949507,0.9990747358942982,38729.67226890756,36385.96,0.26070002594624464,0.22641154861440108,-0.034288477331843564,업무 유입 중심,업무 유입 중심,False,혼합 흐름 중심,혼합 흐름 중심,False
24,신용산,0.009365771578334696,0.0188689699728303,0.9991207259667246,46305.53781512605,48544.032,0.47206318766977723,0.44437959076396705,-0.02768359690581018,업무 유입 중심,업무 유입 중심,False,업무 유입 중심,업무 유입 중심,False
25,신답,0.008152510623183897,0.018503993698924116,0.9995103412501889,3923.747899159664,4077.264,-0.6721127058308356,-0.6973884225085933,-0.025275716677757742,주거 유출·귀가 중심,주거 유출·귀가 중심,False,주거 유출·귀가 중심,주거 유출·귀가 중심,False
26,안국,0.007886362222649547,0.018200667102829887,0.9993554538273228,60824.28571428571,58822.976,0.7266582679559312,0.7267336928130369,7.542485710565483e-05,업무 유입 중심,업무 유입 중심,False,업무 유입 중심,업무 유입 중심,False
27,구의(광진구청),0.007969402223198974,0.018107310474433293,0.9992178183187588,55819.79831932773,60166.28,-0.4489866639514783,-0.43700340114042463,0.011983262811053663,주거 유출·귀가 중심,주거 유출·귀가 중심,False,주거 유출·귀가 중심,주거 유출·귀가 중심,False
28,용두(동대문구청),0.008193937117372012,0.01777376878854452,0.9990525407278598,5759.226890756303,5770.032,-0.2584679297076052,-0.269173311048658,-0.010705381341052811,주거 유출·귀가 중심,주거 유출·귀가 중심,False,혼합 흐름 중심,주거 유출·귀가 중심,True
29,올림픽공원(한국체대),0.008436980844823565,0.017573564429971964,0.9988929521051307,10399.495798319327,10424.608,-0.1398070016771009,-0.15386244880666577,-0.014055447129564885,주거 유출·귀가 중심,주거 유출·귀가 중심,False,혼합 흐름 중심,혼합 흐름 중심,False
30,신도림,0.006775111670147459,0.016855385680457226,0.9993243238444963,108940.6050420168,102948.67199999999,-0.23065800208866155,-0.23324043137002304,-0.002582429281361487,주거 유출·귀가 중심,주거 유출·귀가 중심,False,혼합 흐름 중심,주거 유출·귀가 중심,True
31,자양(뚝섬한강공원),0.0067303948979997915,0.016565721904066407,0.9993452597949952,19727.89075630252,19292.392,-0.370167680379938,-0.37362423556738367,-0.0034565551874456424,주거 유출·귀가 중심,주거 유출·귀가 중심,False,주거 유출·귀가 중심,주거 유출·귀가 중심,False
32,녹사평(용산구청),0.00661219464885302,0.016447612591435148,0.9993725424445838,10898.025210084033,11376.792,0.23642729249264613,0.22434594925207232,-0.012081343240573805,업무 유입 중심,업무 유입 중심,False,혼합 흐름 중심,혼합 흐름 중심,False
33,용마산(용마폭포공원),0.007200977414521431,0.016156762064832894,0.999436654272645,12518.61344537815,12620.568000000001,-0.5525405139893625,-0.5255358449967331,0.027004668992629433,주거 유출·귀가 중심,주거 유출·귀가 중심,False,주거 유출·귀가 중심,주거 유출·귀가 중심,False
34,김포공항,0.00764940700677086,0.016121836438391723,0.999163154663373,20962.655462184874,22578.704,0.1719934201004635,0.17312202781838384,0.001128607717920338,업무 유입 중심,업무 유입 중심,False,혼합 흐름 중심,혼합 흐름 중심,False
35,을지로입구,0.009261183290205095,0.01608764783120075,0.9994957127991173,110879.46218487395,115280.12,0.7046460612871589,0.684310870928314,-0.0203351903588449,업무 유입 중심,업무 유입 중심,False,업무 유입 중심,업무 유입 중심,False
36,용답,0.007137744933740449,0.01608632337584578,0.9993384685125342,7021.773109243698,6818.608,-0.41547563551967304,-0.4475388522042879,-0.03206321668461487,주거 유출·귀가 중심,주거 유출·귀가 중심,False,주거 유출·귀가 중심,주거 유출·귀가 중심,False
37,발산,0.00784298195946709,0.01602665230880774,0.9993779251590899,52683.8487394958,53287.472,0.3952962509928279,0.37204900146878395,-0.023247249524043945,업무 유입 중심,업무 유입 중심,False,업무 유입 중심,업무 유입 중심,False
38,독바위,0.007348748228988082,0.015613153706085908,0.9994765274521077,6261.747899159664,6143.784,-0.6423424991750482,-0.6287507165358724,0.013591782639175709,주거 유출·귀가 중심,주거 유출·귀가 중심,False,주거 유출·귀가 중심,주거 유출·귀가 중심,False
39,산성,0.00759550273510728,0.015553947502261505,0.9994707272973252,14041.882352941177,13881.736,-0.6412831906748387,-0.639659241816315,0.0016239488585237938,주거 유출·귀가 중심,주거 유출·귀가 중심,False,주거 유출·귀가 중심,주거 유출·귀가 중심,False
40,개화산,0.0074215444749064375,0.015210474786955273,0.9993204415478703,13318.27731092437,13555.968,-0.32351904325208997,-0.30077358826998785,0.02274545498210212,주거 유출·귀가 중심,주거 유출·귀가 중심,False,주거 유출·귀가 중심,주거 유출·귀가 중심,False
41,도림천,0.006689430897248178,0.015113303677393105,0.9993780851085308,3167.831932773109,3125.736,0.050875087964439555,0.04506540180962865,-0.0058096861548109086,주거 유출·귀가 중심,업무 유입 중심,True,혼합 흐름 중심,혼합 흐름 중심,False
42,제기동,0.006482459624639775,0.014970824356945255,0.999394046879527,36397.49579831932,34929.0,0.12661930786634024,0.12002738871064014,-0.006591919155700093,업무 유입 중심,업무 유입 중심,False,혼합 흐름 중심,혼합 흐름 중심,False
43,광화문(세종문화회관),0.008683253637000352,0.014778786494446939,0.9996463530143621,76953.63865546219,78590.03199999999,0.75861036685312,0.7380341890616848,-0.02057617779143517,업무 유입 중심,업무 유입 중심,False,업무 유입 중심,업무 유입 중심,False
44,서울역,0.007318852627742385,0.014765554368670835,0.9992961214877356,185105.73109243697,193180.62399999998,0.2784271078449628,0.2385017526009825,-0.039925355243980276,업무 유입 중심,업무 유입 중심,False,혼합 흐름 중심,혼합 흐름 중심,False
45,양평,0.0074876503279150165,0.014724142293960588,0.9994007648484002,18493.016806722688,19059.072,0.06072807441279346,0.08947622987844127,0.02874815546564781,업무 유입 중심,업무 유입 중심,False,혼합 흐름 중심,혼합 흐름 중심,False
46,대청,0.006264879638758459,0.014683802059942335,0.9994571791904603,23916.53781512605,24166.968,-0.15677290970123756,-0.13473195900508406,0.0220409506961535,주거 유출·귀가 중심,주거 유출·귀가 중심,False,혼합 흐름 중심,혼합 흐름 중심,False
47,동대문역사문화공원(DDP),0.006786509042780076,0.014621714700221642,0.9994358981480628,81097.74789915967,84528.16,0.44377458063479996,0.42038515030446355,-0.023389430330336414,업무 유입 중심,업무 유입 중심,False,업무 유입 중심,업무 유입 중심,False
48,답십리,0.007219250001803548,0.014591280724561527,0.9993588369758614,36011.36974789916,35331.752,-0.30061047521387435,-0.3322028605029058,-0.031592385289031466,주거 유출·귀가 중심,주거 유출·귀가 중심,False,주거 유출·귀가 중심,주거 유출·귀가 중심,False
49,동대입구,0.006597083639847423,0.014564334986612594,0.9995123861674934,25267.915966386554,25337.056,0.5020065839134146,0.49291831334643865,-0.00908827056697592,업무 유입 중심,업무 유입 중심,False,업무 유입 중심,업무 유입 중심,False
50,버티고개,0.005957605689172274,0.014315423290744644,0.999484902526049,5152.798319327731,4959.32,-0.10734811491893853,-0.11247153240554679,-0.005123417486608259,주거 유출·귀가 중심,주거 유출·귀가 중심,False,혼합 흐름 중심,혼합 흐름 중심,False
51,수진,0.006411248855772933,0.014282801907352085,0.999423630671481,11841.949579831933,11753.736,-0.3566613276172938,-0.33599310422709167,0.020668223390202134,주거 유출·귀가 중심,주거 유출·귀가 중심,False,주거 유출·귀가 중심,주거 유출·귀가 중심,False
52,둔촌동,0.006017933757163591,0.014033263680572252,0.9995194327902541,27014.52100840336,28955.872,-0.34935217705278104,-0.37558557793680986,-0.026233400884028812,주거 유출·귀가 중심,주거 유출·귀가 중심,False,주거 유출·귀가 중심,주거 유출·귀가 중심,False
53,가산디지털단지,0.006726712623452394,0.013914215517912295,0.9997526214058581,102473.57142857142,100975.03199999999,0.8127358352590166,0.8043660897241267,-0.008369745534889894,업무 유입 중심,업무 유입 중심,False,업무 유입 중심,업무 유입 중심,False
54,종각,0.00684100032446501,0.01389550158718685,0.9997297109754564,87566.3949579832,90162.368,0.7780261678141374,0.759703558091215,-0.018322609722922323,업무 유입 중심,업무 유입 중심,False,업무 유입 중심,업무 유입 중심,False
55,삼성(무역센터),0.007506047767056211,0.013732025828492447,0.9996229166475121,122833.38655462184,124573.592,0.7622778213659567,0.7496808798273736,-0.01259694153858304,업무 유입 중심,업무 유입 중심,False,업무 유입 중심,업무 유입 중심,False
56,시청,0.0072200301320613286,0.013706908983272483,0.9997693222189614,118742.33613445378,123156.968,0.8067829354987208,0.7985413010085209,-0.008241634490199878,업무 유입 중심,업무 유입 중심,False,업무 유입 중심,업무 유입 중심,False
57,개롱,0.006359056439339865,0.013688170170516592,0.9994730585994157,15392.487394957983,14991.096,-0.31582932895571647,-0.2990014611724311,0.016827867783285377,주거 유출·귀가 중심,주거 유출·귀가 중심,False,주거 유출·귀가 중심,주거 유출·귀가 중심,False
58,고려대(종암),0.006639824096545541,0.013687899207631202,0.9993548848393249,20014.04201680672,19665.608,-0.0336865687443011,-0.04636157813432285,-0.012675009390021752,주거 유출·귀가 중심,주거 유출·귀가 중심,False,혼합 흐름 중심,혼합 흐름 중심,False
59,숙대입구(갈월),0.005710643380761038,0.013595208351672864,0.9995300177213622,33620.75630252101,33400.695999999996,0.1871484333240068,0.16426635567504846,-0.022882077648958332,업무 유입 중심,업무 유입 중심,False,혼합 흐름 중심,혼합 흐름 중심,False
60,역촌,0.005756599555066231,0.013303876742920226,0.9996156930664006,9202.98319327731,9464.912,-0.5137381667051488,-0.5023575217000101,0.01138064500513869,주거 유출·귀가 중심,주거 유출·귀가 중심,False,주거 유출·귀가 중심,주거 유출·귀가 중심,False
61,여의도,0.0068641639990432365,0.01329858191796869,0.9997240481056381,69004.21008403362,68820.24,0.7635426966691659,0.7590264605345984,-0.00451623613456742,업무 유입 중심,업무 유입 중심,False,업무 유입 중심,업무 유입 중심,False
62,경복궁(정부서울청사),0.006096253595144341,0.013167021466622129,0.9995908867478501,57871.596638655465,56019.112,0.5663410517800406,0.5737897484780491,0.007448696698008517,업무 유입 중심,업무 유입 중심,False,업무 유입 중심,업무 유입 중심,False
63,구파발,0.005656842262861574,0.01312442030945802,0.999619515030205,47065.621848739494,47815.224,-0.4691080823200889,-0.45340834353244186,0.015699738787647022,주거 유출·귀가 중심,주거 유출·귀가 중심,False,주거 유출·귀가 중심,주거 유출·귀가 중심,False
64,대흥(서강대앞),0.0072644497122373594,0.012827061415074269,0.9992320302139485,22350.176470588234,22488.079999999998,0.12527485039983138,0.10988778287944108,-0.015387067520390305,업무 유입 중심,업무 유입 중심,False,혼합 흐름 중심,혼합 흐름 중심,False
65,방화,0.00628674095838072,0.012780999992115391,0.9995037373248667,15369.90756302521,15549.144,-0.4131025111206131,-0.3828866173182677,0.030215893802345406,주거 유출·귀가 중심,주거 유출·귀가 중심,False,주거 유출·귀가 중심,주거 유출·귀가 중심,False
66,애오개,0.006067126184395888,0.01272959775417273,0.9995239258335691,14743.420168067227,14834.024000000001,-0.2555596434852696,-0.2532849672164852,0.0022746762687844146,주거 유출·귀가 중심,주거 유출·귀가 중심,False,주거 유출·귀가 중심,주거 유출·귀가 중심,False
67,아차산(어린이대공원후문),0.006377377049499049,0.012722404359369879,0.999436277012692,31878.44537815126,31366.256,-0.3411675266572336,-0.35477455040339184,-0.013607023746158242,주거 유출·귀가 중심,주거 유출·귀가 중심,False,주거 유출·귀가 중심,주거 유출·귀가 중심,False
68,이대,0.005786953658638239,0.012693069916924359,0.9994813150621525,39851.55462184874,39260.68,0.05402385572603318,0.034245386061256225,-0.019778469664776956,업무 유입 중심,업무 유입 중심,False,혼합 흐름 중심,혼합 흐름 중심,False
69,암사역사공원,0.005176535783715953,0.012645849235470704,0.9997233436083139,13427.588235294117,14301.496,-0.5423007525464812,-0.5239309616921585,0.018369790854322776,주거 유출·귀가 중심,주거 유출·귀가 중심,False,주거 유출·귀가 중심,주거 유출·귀가 중심,False
70,방배,0.005689976972877091,0.012631165851142712,0.9995697169750789,40919.512605042015,39274.016,0.30004523340602596,0.28282611068482794,-0.01721912272119802,업무 유입 중심,업무 유입 중심,False,업무 유입 중심,혼합 흐름 중심,True
71,청구,0.005919054923007532,0.01247153612300785,0.9995545916155836,16742.10924369748,16018.072,0.20079564005509984,0.20748029022254585,0.006684650167446016,업무 유입 중심,업무 유입 중심,False,혼합 흐름 중심,혼합 흐름 중심,False
72,장지,0.005310273300975321,0.012450747182863904,0.9996104736824408,37073.336134453784,36663.231999999996,-0.03832638616593771,-0.03372872065601303,0.00459766550992468,주거 유출·귀가 중심,주거 유출·귀가 중심,False,혼합 흐름 중심,혼합 흐름 중심,False
73,태릉입구,0.004896889092821208,0.012431636834909204,0.9996342205157307,33303.57983193277,32072.424,-0.25489460152573334,-0.26355407962803235,-0.008659478102299,주거 유출·귀가 중심,주거 유출·귀가 중심,False,혼합 흐름 중심,주거 유출·귀가 중심,True
74,구산,0.005199757185815233,0.012337565700888635,0.9996998413154318,16299.453781512606,16245.944,-0.5583300486405435,-0.5531063784173574,0.005223670223186039,주거 유출·귀가 중심,주거 유출·귀가 중심,False,주거 유출·귀가 중심,주거 유출·귀가 중심,False
75,독립문,0.005878820746049727,0.012286513553648628,0.9994542593121787,17198.25210084034,17521.208,-0.006568547870295206,-0.008546010318038847,-0.001977462447743641,주거 유출·귀가 중심,주거 유출·귀가 중심,False,혼합 흐름 중심,혼합 흐름 중심,False
76,모란,0.005333899466408329,0.012271814588223538,0.9995532508203301,10371.773109243697,10087.271999999999,0.018615154858584126,0.03225050147185244,0.013635346613268314,주거 유출·귀가 중심,업무 유입 중심,True,혼합 흐름 중심,혼합 흐름 중심,False
77,잠실(송파구청),0.005323928795892083,0.012169262879029953,0.999573642666253,209714.73109243697,212624.92799999999,0.08455415216218184,0.08710228183659832,0.002548129674416477,업무 유입 중심,업무 유입 중심,False,혼합 흐름 중심,혼합 흐름 중심,False
78,을지로3가,0.006190419493283427,0.012162627231859928,0.999732905758279,83834.24369747899,86395.224,0.6502449699207982,0.6353722794515113,-0.014872690469286853,업무 유입 중심,업무 유입 중심,False,업무 유입 중심,업무 유입 중심,False
79,복정,0.0057970029855230615,0.0120688795835024,0.9995613372979634,20593.638655462186,20119.256,-0.20981129674014956,-0.2281765482375262,-0.01836525149737664,주거 유출·귀가 중심,주거 유출·귀가 중심,False,주거 유출·귀가 중심,주거 유출·귀가 중심,False
80,공릉(서울과학기술대),0.004628787475528294,0.012062855635897351,0.9996894482745378,27790.03361344538,27205.216,-0.27978051824579503,-0.28684945209839496,-0.0070689338525999346,주거 유출·귀가 중심,주거 유출·귀가 중심,False,주거 유출·귀가 중심,주거 유출·귀가 중심,False
81,종로5가,0.004990017723683716,0.01192334162085803,0.9997127163354562,50502.71428571429,51398.84,0.616073442257333,0.5986160082204277,-0.01745743403690525,업무 유입 중심,업무 유입 중심,False,업무 유입 중심,업무 유입 중심,False
82,몽촌토성(평화의문),0.0049038876776745675,0.011882221616593538,0.9996657039386819,16791.428571428572,16511.8,0.11667263779156371,0.10462791464514654,-0.012044723146417177,업무 유입 중심,업무 유입 중심,False,혼합 흐름 중심,혼합 흐름 중심,False
83,종로3가,0.004733351230654595,0.011876198951046186,0.9997330030447832,112236.01680672269,109999.968,0.5166101328122054,0.5061859496463699,-0.010424183165835488,업무 유입 중심,업무 유입 중심,False,업무 유입 중심,업무 유입 중심,False
84,동묘앞,0.004694709473784618,0.01184541168297396,0.9996608420589351,37671.63025210084,37311.728,0.10024006120241648,0.0934190451049436,-0.006821016097472876,업무 유입 중심,업무 유입 중심,False,혼합 흐름 중심,혼합 흐름 중심,False
85,신흥,0.005303153759915212,0.01154481737575451,0.9996393698337561,11755.0756302521,11716.432,-0.48934484024544456,-0.4868523591615053,0.0024924810839392353,주거 유출·귀가 중심,주거 유출·귀가 중심,False,주거 유출·귀가 중심,주거 유출·귀가 중심,False
86,상수,0.00537884988878379,0.011528480507157908,0.9995606622269197,22946.100840336134,23333.856,0.10229902216914243,0.0857300640778149,-0.016568958091327524,업무 유입 중심,업무 유입 중심,False,혼합 흐름 중심,혼합 흐름 중심,False
87,길동,0.005736412148996194,0.011480026896753641,0.9995412374361073,19980.470588235294,19912.136,-0.25217326846693566,-0.2807056535165702,-0.028532385049634512,주거 유출·귀가 중심,주거 유출·귀가 중심,False,혼합 흐름 중심,주거 유출·귀가 중심,True
88,마포구청,0.005247454475500537,0.011460509192351843,0.999644973673442,31353.941176470587,31699.784,-0.23949766853613538,-0.2278445562080521,0.011653112328083276,주거 유출·귀가 중심,주거 유출·귀가 중심,False,주거 유출·귀가 중심,주거 유출·귀가 중심,False
89,상봉,0.004875964496159916,0.011414358869427491,0.999715698715021,37821.1512605042,37793.056,-0.42551957838802595,-0.4133736396714524,0.012145938716573546,주거 유출·귀가 중심,주거 유출·귀가 중심,False,주거 유출·귀가 중심,주거 유출·귀가 중심,False
90,지축,0.004790752640683355,0.011281351158777963,0.9997218067927813,17253.823529411766,16968.68,-0.4943060151839595,-0.4839238470340127,0.010382168149946802,주거 유출·귀가 중심,주거 유출·귀가 중심,False,주거 유출·귀가 중심,주거 유출·귀가 중심,False
91,왕십리(성동구청),0.004984484171079358,0.011237183300031301,0.9996143396806705,43779.83193277311,44369.2,-0.13017560759197372,-0.13998516906540312,-0.009809561473429401,주거 유출·귀가 중심,주거 유출·귀가 중심,False,혼합 흐름 중심,혼합 흐름 중심,False
92,강동,0.005292618621206944,0.011166706654689263,0.9996093506162651,41674.033613445376,41496.408,-0.14106425037819162,-0.15591819041297775,-0.014853940034786128,주거 유출·귀가 중심,주거 유출·귀가 중심,False,혼합 흐름 중심,혼합 흐름 중심,False
93,혜화,0.005070723530402464,0.011152977648849611,0.9996446165302183,77388.72268907563,78418.75200000001,0.36564962255263866,0.358714206856325,-0.006935415696313674,업무 유입 중심,업무 유입 중심,False,업무 유입 중심,혼합 흐름 중심,True
94,불광,0.0048909528360415325,0.011106420237662751,0.9996702415407593,47929.117647058825,47584.408,-0.36630169092035747,-0.3463135404756775,0.019988150444679997,주거 유출·귀가 중심,주거 유출·귀가 중심,False,주거 유출·귀가 중심,주거 유출·귀가 중심,False
95,가락시장,0.005663899177331641,0.011013277159713066,0.9995303380987497,40367.10924369748,40500.472,0.08776687434466363,0.0683368168076035,-0.01943005753706012,업무 유입 중심,업무 유입 중심,False,혼합 흐름 중심,혼합 흐름 중심,False
96,동대문,0.0042128040619903,0.010935901633193839,0.9997504223888333,66593.40336134454,66638.288,0.40155659791730736,0.38248486375508595,-0.01907173416222141,업무 유입 중심,업무 유입 중심,False,혼합 흐름 중심,혼합 흐름 중심,False
97,역삼,0.005743084757232882,0.010893827997876733,0.999753947497335,126242.89075630253,126680.952,0.774633808697827,0.7684326873067717,-0.006201121391055331,업무 유입 중심,업무 유입 중심,False,업무 유입 중심,업무 유입 중심,False
98,창신,0.004612635235588088,0.010869434027736467,0.9997431843516218,7658.882352941177,7482.608,-0.42478963553459714,-0.4244191233121123,0.0003705122224848534,주거 유출·귀가 중심,주거 유출·귀가 중심,False,주거 유출·귀가 중심,주거 유출·귀가 중심,False
99,상월곡(한국과학기술연구원),0.005085039401267343,0.010826221041544673,0.9996689822689198,14540.16806722689,14408.152,-0.3687407483027921,-0.3792766449230961,-0.01053589662030402,주거 유출·귀가 중심,주거 유출·귀가 중심,False,주거 유출·귀가 중심,주거 유출·귀가 중심,False
100,신길,0.004386394717210356,0.01081430152685249,0.9997929132837218,11396.420168067227,11390.944,-0.3145283302439757,-0.31685975565987623,-0.0023314254159005343,주거 유출·귀가 중심,주거 유출·귀가 중심,False,주거 유출·귀가 중심,주거 유출·귀가 중심,False
101,한성대입구(삼선교),0.004488775137138574,0.010812682343507213,0.9996786979269303,31724.0756302521,31354.64,-0.07519628524997507,-0.06433474084883722,0.010861544401137846,주거 유출·귀가 중심,주거 유출·귀가 중심,False,혼합 흐름 중심,혼합 흐름 중심,False
102,을지로4가,0.0045175356309057136,0.010780806760757338,0.9998077911727111,47649.91596638656,48456.04,0.6469662264828023,0.6396352908282315,-0.00733093565457088,업무 유입 중심,업무 유입 중심,False,업무 유입 중심,업무 유입 중심,False
103,디지털미디어시티,0.005280289897786657,0.010758389829209685,0.9996590363153254,35269.27731092437,35016.4,-0.048719272971087475,-0.02499556240393084,0.023723710567156636,주거 유출·귀가 중심,주거 유출·귀가 중심,False,혼합 흐름 중심,혼합 흐름 중심,False
104,신풍,0.004355787613158002,0.010740958523446937,0.9997666080263369,25619.420168067227,25916.615999999998,-0.4329074650960411,-0.42380890209201133,0.00909856300402978,주거 유출·귀가 중심,주거 유출·귀가 중심,False,주거 유출·귀가 중심,주거 유출·귀가 중심,False
105,광나루(장신대),0.005662046401961418,0.010702078634782569,0.999520747255698,24716.756302521007,24149.2,-0.14753405338350808,-0.1386439828998883,0.008890070483619783,주거 유출·귀가 중심,주거 유출·귀가 중심,False,혼합 흐름 중심,혼합 흐름 중심,False
106,충정로(경기대입구),0.0048327667447162275,0.010593577839720078,0.9997846143621063,35555.554621848736,35625.904,0.42320839542912764,0.4189666495224018,-0.0042417459067258245,업무 유입 중심,업무 유입 중심,False,업무 유입 중심,업무 유입 중심,False
107,도곡,0.004528296137983206,0.010566907922746643,0.9997112382977241,14139.79831932773,13850.304,0.1655267683459728,0.16075968362215604,-0.004767084723816761,업무 유입 중심,업무 유입 중심,False,혼합 흐름 중심,혼합 흐름 중심,False
108,강동구청,0.0046470270605432264,0.010523516170618663,0.9996998593834788,24739.29411764706,24217.096,-0.15230007817192467,-0.1489961315184411,0.003303946653483575,주거 유출·귀가 중심,주거 유출·귀가 중심,False,혼합 흐름 중심,혼합 흐름 중심,False
109,응암,0.004211956983726125,0.010488394083999384,0.999817701916662,39706.82352941176,39425.44,-0.6126565962947217,-0.600884137285347,0.011772459009374736,주거 유출·귀가 중심,주거 유출·귀가 중심,False,주거 유출·귀가 중심,주거 유출·귀가 중심,False
110,마포,0.005153673421528016,0.010385135411676091,0.9996861050426632,34040.20168067227,33899.48,0.1485423280294849,0.1574517703701227,0.008909442340637813,업무 유입 중심,업무 유입 중심,False,혼합 흐름 중심,혼합 흐름 중심,False
111,하남풍산,0.004571782714364044,0.01038304990036952,0.9997055116954242,10346.411764705883,10199.496,0.05877960520017617,0.05770847617481625,-0.0010711290253599196,업무 유입 중심,업무 유입 중심,False,혼합 흐름 중심,혼합 흐름 중심,False
112,상일동,0.004680484400131024,0.010324183829376853,0.9997632600479744,32610.14285714286,32496.832,-0.5551369198856034,-0.5376220688882719,0.01751485099733152,주거 유출·귀가 중심,주거 유출·귀가 중심,False,주거 유출·귀가 중심,주거 유출·귀가 중심,False
113,신금호,0.004075081925385118,0.010319631430458854,0.9997829649951316,14735.672268907563,14536.872,-0.38441509162397863,-0.3877336079976276,-0.003318516373648994,주거 유출·귀가 중심,주거 유출·귀가 중심,False,주거 유출·귀가 중심,주거 유출·귀가 중심,False
114,대치,0.004667580552791473,0.01029429018262334,0.9996676026592591,27810.050420168067,27567.152,-0.11113346420571907,-0.11596659806635971,-0.004833133860640645,주거 유출·귀가 중심,주거 유출·귀가 중심,False,혼합 흐름 중심,혼합 흐름 중심,False
115,보라매,0.004881285104064953,0.010214294659135528,0.9996888671314564,15504.680672268907,14922.28,-0.1989037222623643,-0.20135747533352996,-0.0024537530711656597,주거 유출·귀가 중심,주거 유출·귀가 중심,False,혼합 흐름 중심,혼합 흐름 중심,False
116,고덕,0.004071471071492698,0.010190784815818164,0.9997399891696763,23688.168067226892,23346.192,-0.12111003342703792,-0.11870085829181926,0.002409175135218669,주거 유출·귀가 중심,주거 유출·귀가 중심,False,혼합 흐름 중심,혼합 흐름 중심,False
117,충무로,0.004061812503273157,0.010182205229277385,0.9998255195655703,72746.26050420168,73007.296,0.616787582815839,0.6080503867394046,-0.008737196076434417,업무 유입 중심,업무 유입 중심,False,업무 유입 중심,업무 유입 중심,False
118,송정,0.004459607771006333,0.010176254574111275,0.9997077463894758,13740.0756302521,13509.968,-0.3066504775697833,-0.29445986943092417,0.012190608138859138,주거 유출·귀가 중심,주거 유출·귀가 중심,False,주거 유출·귀가 중심,주거 유출·귀가 중심,False
119,강일,0.004127802439450129,0.01014040421346738,0.9998016435029599,13365.75630252101,13156.552,-0.5208519153733165,-0.5056348592647382,0.015217056108578375,주거 유출·귀가 중심,주거 유출·귀가 중심,False,주거 유출·귀가 중심,주거 유출·귀가 중심,False
120,일원,0.004307316175662791,0.01007879889477235,0.9997341985862134,25378.27731092437,25738.792,0.08925885687917987,0.1035975150454184,0.014338658166238541,주거 유출·귀가 중심,업무 유입 중심,True,혼합 흐름 중심,혼합 흐름 중심,False
121,천호(풍납토성),0.0038264018351410333,0.010050924790162277,0.9997758358725416,82577.0,83369.736,-0.15513934204453214,-0.15087291088861737,0.004266431155914768,주거 유출·귀가 중심,주거 유출·귀가 중심,False,혼합 흐름 중심,혼합 흐름 중심,False
122,문정,0.0050307611542183776,0.010019557291703226,0.9997923262042735,54144.470588235294,53524.736000000004,0.5488452457458488,0.5514981849576142,0.0026529392117653483,업무 유입 중심,업무 유입 중심,False,업무 유입 중심,업무 유입 중심,False
123,경찰병원,0.004502376126154623,0.009992399550801447,0.9997304914767646,17194.58823529412,17104.688000000002,-0.11485967098459668,-0.10785355193314962,0.00700611905144706,주거 유출·귀가 중심,주거 유출·귀가 중심,False,혼합 흐름 중심,혼합 흐름 중심,False
124,행당,0.00439258424594579,0.00992831495827897,0.9997878696680609,17104.386554621848,16908.432,-0.5864055021368515,-0.5784030377436972,0.00800246439315433,주거 유출·귀가 중심,주거 유출·귀가 중심,False,주거 유출·귀가 중심,주거 유출·귀가 중심,False
125,신설동,0.004924401119695403,0.009872320061586514,0.9996853730318772,38802.663865546216,38898.832,0.20166550958837903,0.1846140513104784,-0.01705145827790064,업무 유입 중심,업무 유입 중심,False,혼합 흐름 중심,혼합 흐름 중심,False
126,남부터미널(예술의전당),0.004649132693537719,0.009848494293531762,0.9997530682684412,68681.02521008403,67949.04,0.43181196570466224,0.4251502838245539,-0.00666168188010835,업무 유입 중심,업무 유입 중심,False,업무 유입 중심,업무 유입 중심,False
127,천왕,0.004350316769449605,0.009848159114933357,0.9997904233682441,26019.352941176472,26354.224000000002,-0.5662699989692558,-0.5630145895146411,0.003255409454614666,주거 유출·귀가 중심,주거 유출·귀가 중심,False,주거 유출·귀가 중심,주거 유출·귀가 중심,False
128,봉화산(서울의료원),0.00429920839901393,0.009820806598469019,0.9998049295882342,19279.067226890755,19027.104,-0.5594743886157966,-0.5504277106301935,0.009046677985603102,주거 유출·귀가 중심,주거 유출·귀가 중심,False,주거 유출·귀가 중심,주거 유출·귀가 중심,False
129,송파,0.004644648588743406,0.009798774490134967,0.9997044473960278,21775.100840336134,21836.352,-0.3359165361566393,-0.3390717569758118,-0.0031552208191725217,주거 유출·귀가 중심,주거 유출·귀가 중심,False,주거 유출·귀가 중심,주거 유출·귀가 중심,False
130,신당,0.004086220614814163,0.009701734468026047,0.999739387911647,51914.15966386555,52028.472,-0.07477110765691947,-0.0875510947789036,-0.012779987121984138,주거 유출·귀가 중심,주거 유출·귀가 중심,False,혼합 흐름 중심,혼합 흐름 중심,False
131,수락산,0.004135764898921119,0.009695677977235959,0.9997776306195822,27089.44537815126,27393.392,-0.4996282677537048,-0.49627492948337754,0.003353338270327244,주거 유출·귀가 중심,주거 유출·귀가 중심,False,주거 유출·귀가 중심,주거 유출·귀가 중심,False
132,신촌,0.003980604433659906,0.00966487229853143,0.9997519552301459,82989.83193277312,82280.632,0.10322065315885734,0.08906895816766418,-0.014151694991193162,업무 유입 중심,업무 유입 중심,False,혼합 흐름 중심,혼합 흐름 중심,False
133,불암산,0.0039514084704707665,0.009659846034390842,0.9998147914031033,19793.78151260504,20085.128,-0.5360907066987275,-0.5203457781892857,0.015744928509441758,주거 유출·귀가 중심,주거 유출·귀가 중심,False,주거 유출·귀가 중심,주거 유출·귀가 중심,False
134,상도,0.004088905605799703,0.009658594854878532,0.9997601863563558,27607.689075630253,27146.76,-0.3200664119080136,-0.32120502788746086,-0.001138615979447255,주거 유출·귀가 중심,주거 유출·귀가 중심,False,주거 유출·귀가 중심,주거 유출·귀가 중심,False
135,철산,0.0044301746554589174,0.009632497344302849,0.9997905087601718,47808.966386554624,49839.36,-0.4752316268568375,-0.4890957416081448,-0.013864114751307277,주거 유출·귀가 중심,주거 유출·귀가 중심,False,주거 유출·귀가 중심,주거 유출·귀가 중심,False
136,하남검단산,0.0038008280898409238,0.00963180067187104,0.9997932230904149,13814.949579831933,13728.2,-0.3743132391965852,-0.37578742151103917,-0.0014741823144539534,주거 유출·귀가 중심,주거 유출·귀가 중심,False,주거 유출·귀가 중심,주거 유출·귀가 중심,False
137,석촌,0.00403467384090647,0.009610586891005959,0.9997508062786601,20848.689075630253,20455.424,-0.09630985291749421,-0.10045974145008835,-0.00414988853259414,주거 유출·귀가 중심,주거 유출·귀가 중심,False,혼합 흐름 중심,혼합 흐름 중심,False
138,암사,0.005159766603497485,0.00959221245776926,0.9997040878568659,35405.46218487395,34439.84,-0.5822212065402323,-0.5794485386176037,0.0027726679226286466,주거 유출·귀가 중심,주거 유출·귀가 중심,False,주거 유출·귀가 중심,주거 유출·귀가 중심,False
139,미아사거리,0.0042119884702377,0.009582449065614396,0.9997757049239976,56757.73949579832,56119.368,-0.4477569476291492,-0.43032986432171133,0.017427083307437863,주거 유출·귀가 중심,주거 유출·귀가 중심,False,주거 유출·귀가 중심,주거 유출·귀가 중심,False
140,방이,0.004206289369924093,0.009557553027406332,0.9997400739469448,16837.9243697479,16756.304,-0.1110335363651684,-0.10885368950145295,0.0021798468637154456,주거 유출·귀가 중심,주거 유출·귀가 중심,False,혼합 흐름 중심,혼합 흐름 중심,False
141,학동,0.00526624320404158,0.009522838631714945,0.999852096109278,54382.80672268907,53481.192,0.8031894012649337,0.7950387085135702,-0.008150692751363486,업무 유입 중심,업무 유입 중심,False,업무 유입 중심,업무 유입 중심,False
142,신정네거리,0.004545739675333836,0.009515570174519556,0.999789220098223,23306.53781512605,22994.784,-0.6540437982554826,-0.6410856871410576,0.01295811111442502,주거 유출·귀가 중심,주거 유출·귀가 중심,False,주거 유출·귀가 중심,주거 유출·귀가 중심,False
143,회현(남대문시장),0.005054592533207624,0.009440196501613563,0.9997836022199786,63378.268907563026,63659.592000000004,0.7721847573946325,0.7548635596564023,-0.017321197738230265,업무 유입 중심,업무 유입 중심,False,업무 유입 중심,업무 유입 중심,False
144,문래,0.004333648748345411,0.009412193581725181,0.9998076282722247,53977.899159663866,53370.184,0.283689699672001,0.27660482712073775,-0.007084872551263222,업무 유입 중심,업무 유입 중심,False,업무 유입 중심,업무 유입 중심,False
145,월곡(동덕여대),0.004357302184859186,0.009365906665577009,0.9997418136012332,27476.302521008405,26688.8,-0.301810560188683,-0.315663994537257,-0.013853434348574,주거 유출·귀가 중심,주거 유출·귀가 중심,False,주거 유출·귀가 중심,주거 유출·귀가 중심,False
146,내방,0.004431080022457054,0.009343345288714087,0.999764571912178,34007.28571428572,33712.616,0.34386019984535615,0.34407388728045846,0.00021368743510230548,업무 유입 중심,업무 유입 중심,False,업무 유입 중심,업무 유입 중심,False
147,신정(은행정),0.0043504260140413645,0.009342296194566495,0.9998328367259,27397.52100840336,27592.648,-0.6287583018074822,-0.6278734120283891,0.0008848897790930677,주거 유출·귀가 중심,주거 유출·귀가 중심,False,주거 유출·귀가 중심,주거 유출·귀가 중심,False
148,증산(명지대앞),0.004008588521669131,0.009324522249267967,0.9998224563584588,21028.361344537814,20370.632,-0.5817809008394901,-0.5898235199240479,-0.008042619084557834,주거 유출·귀가 중심,주거 유출·귀가 중심,False,주거 유출·귀가 중심,주거 유출·귀가 중심,False
149,서초,0.00399991032483605,0.009211851369837992,0.9998263104252202,48487.13445378151,48506.632,0.5383807522779858,0.5376741017197533,-0.0007066505582324911,업무 유입 중심,업무 유입 중심,False,업무 유입 중심,업무 유입 중심,False
150,창동,0.004246129509350979,0.009197444404746968,0.9997446920386185,60799.42016806723,60551.352,-0.3574997574101858,-0.34370863721658024,0.013791120193605566,주거 유출·귀가 중심,주거 유출·귀가 중심,False,주거 유출·귀가 중심,주거 유출·귀가 중심,False
151,무악재,0.0035252260355685522,0.009143726137874052,0.9998527760489215,9548.974789915967,9372.448,-0.5285680419281062,-0.5350399407011297,-0.0064718987730234545,주거 유출·귀가 중심,주거 유출·귀가 중심,False,주거 유출·귀가 중심,주거 유출·귀가 중심,False
152,마장,0.003785092271617671,0.009122729782841477,0.9997873246472426,12959.865546218487,12928.72,-0.1699586031318546,-0.1790348161015029,-0.009076212969648306,주거 유출·귀가 중심,주거 유출·귀가 중심,False,혼합 흐름 중심,혼합 흐름 중심,False
153,청량리(서울시립대입구),0.0035974573386074174,0.0090725655568629,0.9998004492052417,48168.13445378151,48964.328,-0.18549607444931435,-0.178589348093442,0.0069067263558723335,주거 유출·귀가 중심,주거 유출·귀가 중심,False,혼합 흐름 중심,혼합 흐름 중심,False
154,영등포시장,0.004297996968318098,0.009060076732333002,0.999757548737937,26801.546218487394,26541.224000000002,0.0501602752332287,0.06327443618086932,0.013114160947640625,업무 유입 중심,업무 유입 중심,False,혼합 흐름 중심,혼합 흐름 중심,False
155,망원,0.0038565990872077467,0.009052455728376041,0.9997693831437457,34836.76470588235,34907.856,-0.09467321759004137,-0.09847276757409396,-0.0037995499840525887,주거 유출·귀가 중심,주거 유출·귀가 중심,False,혼합 흐름 중심,혼합 흐름 중심,False
156,온수(성공회대입구),0.0037680784285177987,0.009046628915502473,0.9998417201224299,22536.8487394958,21946.536,-0.45379155705312546,-0.4642909619901878,-0.010499404937062362,주거 유출·귀가 중심,주거 유출·귀가 중심,False,주거 유출·귀가 중심,주거 유출·귀가 중심,False
157,매봉,0.004115313623569955,0.00896579551806733,0.9998156362331565,29058.932773109245,28894.327999999998,0.38316904184060785,0.3952108356132452,0.012041793772637366,업무 유입 중심,업무 유입 중심,False,업무 유입 중심,업무 유입 중심,False
158,단대오거리,0.003753226102787339,0.008923789784109713,0.9998290014776986,26923.0,26183.048,-0.44715313516232613,-0.4559781060921656,-0.00882497092983947,주거 유출·귀가 중심,주거 유출·귀가 중심,False,주거 유출·귀가 중심,주거 유출·귀가 중심,False
159,잠실나루,0.004319546677538923,0.008899519935640098,0.99972396133784,33930.39495798319,33666.632,-0.11982194849612003,-0.12369802351546431,-0.0038760750193442828,주거 유출·귀가 중심,주거 유출·귀가 중심,False,혼합 흐름 중심,혼합 흐름 중심,False
160,굽은다리(강동구민회관앞),0.003932548625220224,0.00885887286164072,0.99979270582235,21525.83193277311,21394.608,-0.448820815175596,-0.44943005165421035,-0.0006092364786143278,주거 유출·귀가 중심,주거 유출·귀가 중심,False,주거 유출·귀가 중심,주거 유출·귀가 중심,False
161,거여,0.003916076829118256,0.008806944169586453,0.9998312721925583,22759.210084033613,22567.896,-0.4774004666809345,-0.46974464536904564,0.007655821311888855,주거 유출·귀가 중심,주거 유출·귀가 중심,False,주거 유출·귀가 중심,주거 유출·귀가 중심,False
162,화랑대(서울여대입구),0.003890993868636906,0.008727234575431723,0.9998303053062125,24468.991596638654,23851.6,-0.49597346861168096,-0.5046893114681421,-0.008715842856461153,주거 유출·귀가 중심,주거 유출·귀가 중심,False,주거 유출·귀가 중심,주거 유출·귀가 중심,False
163,약수,0.003600283691584155,0.00867319639472552,0.9998011177558184,36349.773109243695,36203.84,-0.044952165221059055,-0.03568846126431783,0.009263703956741226,주거 유출·귀가 중심,주거 유출·귀가 중심,False,혼합 흐름 중심,혼합 흐름 중심,False
164,아현,0.0038973208901714597,0.008600016714620778,0.9997881867254744,23542.915966386554,23775.616,-0.31899650346379443,-0.3322459268092111,-0.013249423345416678,주거 유출·귀가 중심,주거 유출·귀가 중심,False,주거 유출·귀가 중심,주거 유출·귀가 중심,False
165,강변(동서울터미널),0.003796423535025683,0.008593536677185392,0.999818823947819,55653.53781512605,55200.192,-0.389978544048385,-0.37374225411677947,0.01623628993160553,주거 유출·귀가 중심,주거 유출·귀가 중심,False,주거 유출·귀가 중심,주거 유출·귀가 중심,False
166,남구로,0.003725670056291788,0.008394860860717463,0.9998516058848766,34794.13445378151,34548.976,0.34399030163981564,0.3448828723280918,0.0008925706882761397,업무 유입 중심,업무 유입 중심,False,업무 유입 중심,업무 유입 중심,False
167,잠실새내,0.0034162493239285833,0.00838121978333816,0.999836918138408,51992.487394957985,51815.104,-0.4042293376228814,-0.3950209239416401,0.009208413681241256,주거 유출·귀가 중심,주거 유출·귀가 중심,False,주거 유출·귀가 중심,주거 유출·귀가 중심,False
168,연신내,0.003616702819280248,0.00833506107259741,0.9998337738923629,77127.84873949579,78041.856,-0.48608385153953476,-0.4677531119671521,0.01833073957238268,주거 유출·귀가 중심,주거 유출·귀가 중심,False,주거 유출·귀가 중심,주거 유출·귀가 중심,False
169,건대입구,0.0034556382557340555,0.008319769114705429,0.9998124284616665,109801.51260504201,110629.424,-0.12651460763456657,-0.12170399853789574,0.0048106090966708315,주거 유출·귀가 중심,주거 유출·귀가 중심,False,혼합 흐름 중심,혼합 흐름 중심,False
170,청담,0.0035849057931622856,0.008287169445194306,0.9999068794371082,43972.06722689076,43422.336,0.7088207095850457,0.7000609217823293,-0.008759787802716468,업무 유입 중심,업무 유입 중심,False,업무 유입 중심,업무 유입 중심,False
171,마천,0.003187387185974988,0.008270901675515653,0.9998949124878684,15632.09243697479,15213.056,-0.5822089066280899,-0.5845130452414841,-0.00230413861339418,주거 유출·귀가 중심,주거 유출·귀가 중심,False,주거 유출·귀가 중심,주거 유출·귀가 중심,False
172,중화,0.0034050305562132372,0.008266217131274543,0.9998649648133756,23590.2268907563,23980.264,-0.3848682544060612,-0.3968425898700141,-0.011974335463952879,주거 유출·귀가 중심,주거 유출·귀가 중심,False,주거 유출·귀가 중심,주거 유출·귀가 중심,False
173,석계,0.003618976535502383,0.00824985150065295,0.9998352080628717,28153.974789915967,28005.536,-0.5417389668471992,-0.5429671763966547,-0.0012282095494554612,주거 유출·귀가 중심,주거 유출·귀가 중심,False,주거 유출·귀가 중심,주거 유출·귀가 중심,False
174,우장산,0.003341888172214189,0.00822865455014035,0.9998528929084998,33334.71428571428,33364.024,-0.4532456214765515,-0.4592550805624308,-0.0060094590858792984,주거 유출·귀가 중심,주거 유출·귀가 중심,False,주거 유출·귀가 중심,주거 유출·귀가 중심,False
175,미아(서울사이버대학),0.003609894816225603,0.008212465913571118,0.9998088917758114,35131.55462184874,34626.056,-0.25253219686888595,-0.25010248239429805,0.0024297144745878962,주거 유출·귀가 중심,주거 유출·귀가 중심,False,주거 유출·귀가 중심,주거 유출·귀가 중심,False
176,성신여대입구(돈암),0.0033269591561010444,0.008160247028082365,0.9998236309034335,48663.28571428572,48005.624,-0.19091906875575407,-0.1883187878914611,0.002600280864292981,주거 유출·귀가 중심,주거 유출·귀가 중심,False,혼합 흐름 중심,혼합 흐름 중심,False
177,이수,0.0038109373467446997,0.00814428423181911,0.9997802078763848,36983.403361344535,37110.464,-0.08556855605113292,-0.09109832623554162,-0.0055297701844087,주거 유출·귀가 중심,주거 유출·귀가 중심,False,혼합 흐름 중심,혼합 흐름 중심,False
178,노원,0.0033939173233606223,0.008084123689292833,0.9998222553549581,93885.89915966387,93317.576,-0.22807136905414627,-0.21673996640415283,0.011331402649993438,주거 유출·귀가 중심,주거 유출·귀가 중심,False,혼합 흐름 중심,혼합 흐름 중심,False
179,하계,0.003296231762005898,0.008046462375979458,0.9998590841760475,39570.98319327731,38924.736,-0.44324667472532303,-0.43492459693164565,0.008322077793677385,주거 유출·귀가 중심,주거 유출·귀가 중심,False,주거 유출·귀가 중심,주거 유출·귀가 중심,False
180,중곡,0.0034140157993434394,0.008014527695676212,0.9998407882268878,23822.823529411766,24096.744,-0.21442870702432157,-0.20541738017153915,0.009011326852782414,주거 유출·귀가 중심,주거 유출·귀가 중심,False,주거 유출·귀가 중심,주거 유출·귀가 중심,False
181,당산,0.0034917375649586757,0.007976678196606917,0.9998362682625977,45472.20168067227,44400.344,-0.08756278500700437,-0.07697131571325408,0.010591469293750294,주거 유출·귀가 중심,주거 유출·귀가 중심,False,혼합 흐름 중심,혼합 흐름 중심,False
182,광흥창(서강),0.0033835626523164943,0.007955214740017123,0.9998365661007039,21627.873949579833,21677.408,0.045720229912493644,0.04594415986293464,0.00022392995044099445,업무 유입 중심,업무 유입 중심,False,혼합 흐름 중심,혼합 흐름 중심,False
183,금호,0.003480315546242794,0.007945500804567393,0.9998517937827058,17480.1512605042,17316.896,-0.5394132733910618,-0.5421242289578949,-0.0027109555668330954,주거 유출·귀가 중심,주거 유출·귀가 중심,False,주거 유출·귀가 중심,주거 유출·귀가 중심,False
184,도봉산,0.003246187249340373,0.007944736161754505,0.9998957004692341,21308.915966386554,21335.624,-0.5802272383386952,-0.5793701454514857,0.0008570928872094763,주거 유출·귀가 중심,주거 유출·귀가 중심,False,주거 유출·귀가 중심,주거 유출·귀가 중심,False
185,뚝섬,0.0035543877957933323,0.007882408236650543,0.9998772474687405,57327.50420168068,57033.608,0.5481919801144769,0.5456820686279402,-0.0025099114865366756,업무 유입 중심,업무 유입 중심,False,업무 유입 중심,업무 유입 중심,False
186,양천구청,0.0034244098206922913,0.007855898782658483,0.9998688286528741,16011.764705882353,15653.64,-0.5866569992850166,-0.5783333611005214,0.008323638184495219,주거 유출·귀가 중심,주거 유출·귀가 중심,False,주거 유출·귀가 중심,주거 유출·귀가 중심,False
187,마들,0.0032622598869463887,0.007762543316216841,0.9998855156803308,29543.302521008405,29221.432,-0.6500847561531167,-0.653190154825054,-0.003105398671937376,주거 유출·귀가 중심,주거 유출·귀가 중심,False,주거 유출·귀가 중심,주거 유출·귀가 중심,False
188,명일,0.003939763096268035,0.0077514782270698785,0.9997947302148774,18555.865546218487,18110.456,-0.469074040385665,-0.4589194625726695,0.010154577812995502,주거 유출·귀가 중심,주거 유출·귀가 중심,False,주거 유출·귀가 중심,주거 유출·귀가 중심,False
189,합정,0.0032352064202421102,0.007666969867180895,0.9998548697217676,98616.93277310925,98697.16799999999,0.12275277773088554,0.11601751287555905,-0.006735264855326495,업무 유입 중심,업무 유입 중심,False,혼합 흐름 중심,혼합 흐름 중심,False
190,효창공원앞,0.0034039861740885148,0.007618743716533501,0.9998410184308564,16658.168067226892,16495.624,-0.05411570738587743,-0.061650254028844984,-0.00753454664296755,주거 유출·귀가 중심,주거 유출·귀가 중심,False,혼합 흐름 중심,혼합 흐름 중심,False
191,강남구청,0.003306375637646071,0.007570680547958505,0.9999090441902226,38743.05882352941,38949.36,0.7083882865467691,0.7048477203359909,-0.003540566210778251,업무 유입 중심,업무 유입 중심,False,업무 유입 중심,업무 유입 중심,False
192,총신대입구(이수),0.003274066621332614,0.007565360120937763,0.99984785466198,45044.857142857145,44694.032,-0.2477479752051573,-0.24471934827245193,0.003028626932705364,주거 유출·귀가 중심,주거 유출·귀가 중심,False,혼합 흐름 중심,혼합 흐름 중심,False
193,선릉,0.004022697743927034,0.0075460060073781945,0.9998433871524134,125329.70588235294,126451.31199999999,0.694392340045519,0.6972259331292932,0.0028335930837741774,업무 유입 중심,업무 유입 중심,False,업무 유입 중심,업무 유입 중심,False
194,중계,0.0034566603092148827,0.007512184761606044,0.9998624007955637,31977.789915966387,31809.488,-0.4550947892074285,-0.45369942111387707,0.0013953680935514523,주거 유출·귀가 중심,주거 유출·귀가 중심,False,주거 유출·귀가 중심,주거 유출·귀가 중심,False
195,먹골,0.003149511938581619,0.007504633091412024,0.99986847118014,22587.243697478993,22443.584,-0.4594012498401978,-0.46410992661387646,-0.004708676773678644,주거 유출·귀가 중심,주거 유출·귀가 중심,False,주거 유출·귀가 중심,주거 유출·귀가 중심,False
196,홍제,0.0029827339759342045,0.007501486665773368,0.9998922607837334,38932.0,38693.335999999996,-0.47741777403458974,-0.4815692891971619,-0.0041515151625721725,주거 유출·귀가 중심,주거 유출·귀가 중심,False,주거 유출·귀가 중심,주거 유출·귀가 중심,False
197,보문,0.0033104288314425726,0.007477378157687266,0.9998486230525795,17761.36974789916,17688.128,-0.2615251796998653,-0.2502880663401485,0.011237113359716777,주거 유출·귀가 중심,주거 유출·귀가 중심,False,주거 유출·귀가 중심,주거 유출·귀가 중심,False
198,광명사거리,0.003015336376515337,0.007386760843674909,0.9998841066132509,46666.19327731092,46688.119999999995,-0.48916717326996195,-0.485580702236814,0.0035864710331479643,주거 유출·귀가 중심,주거 유출·귀가 중심,False,주거 유출·귀가 중심,주거 유출·귀가 중심,False
199,목동,0.0036404667116645404,0.0073665960357359155,0.9998406183173778,39114.05882352941,38725.512,-0.46708406186402857,-0.460366919067817,0.00671714279621155,주거 유출·귀가 중심,주거 유출·귀가 중심,False,주거 유출·귀가 중심,주거 유출·귀가 중심,False
200,옥수,0.003258275671812552,0.007342826856681559,0.9998522473358957,20351.310924369747,20281.392,-0.3865139014586375,-0.3807909402802437,0.005722961178393826,주거 유출·귀가 중심,주거 유출·귀가 중심,False,주거 유출·귀가 중심,주거 유출·귀가 중심,False
201,수서,0.0035293865493477975,0.007340315824805526,0.9998128418322945,41776.6050420168,41184.231999999996,0.03411991372553456,0.036163116735970495,0.0020432030104359372,주거 유출·귀가 중심,업무 유입 중심,True,혼합 흐름 중심,혼합 흐름 중심,False
202,오금,0.0035183571358828325,0.007292949141874054,0.9998412570540951,22704.41176470588,22480.328,-0.1774816191724893,-0.16712252170710432,0.010359097465384992,주거 유출·귀가 중심,주거 유출·귀가 중심,False,주거 유출·귀가 중심,주거 유출·귀가 중심,False
203,오목교(목동운동장앞),0.003352987281771325,0.007183254788252158,0.9998355268680631,48098.36974789916,47983.912000000004,-0.09584833482578661,-0.09470994673959984,0.0011383880861867701,주거 유출·귀가 중심,주거 유출·귀가 중심,False,혼합 흐름 중심,혼합 흐름 중심,False
204,공덕,0.003233786117520497,0.007182331012101686,0.9998769368783289,77663.57142857143,76608.632,0.33127945937278286,0.3274801487642069,-0.0037993106085759676,업무 유입 중심,업무 유입 중심,False,업무 유입 중심,업무 유입 중심,False
205,미사,0.0034805748090246014,0.007178658144829746,0.9998558974717802,40263.268907563026,39612.896,-0.44066094276272477,-0.43121534067985673,0.009445602082868043,주거 유출·귀가 중심,주거 유출·귀가 중심,False,주거 유출·귀가 중심,주거 유출·귀가 중심,False
206,대림(구로구청),0.003001825969660551,0.0071203759837230665,0.9998625894173998,72377.3781512605,71536.832,-0.25345351694232154,-0.250093696369565,0.0033598205727565222,주거 유출·귀가 중심,주거 유출·귀가 중심,False,혼합 흐름 중심,주거 유출·귀가 중심,True
207,신대방삼거리,0.003264857035267946,0.0070715343537061754,0.9998795825385357,32869.68067226891,32805.816,-0.550239144436705,-0.5456398349179824,0.004599309518722561,주거 유출·귀가 중심,주거 유출·귀가 중심,False,주거 유출·귀가 중심,주거 유출·귀가 중심,False
208,고속터미널,0.0027749302625066775,0.007035360862082082,0.9998876995031096,128165.6050420168,132412.856,0.22998509168596842,0.23188613528752547,0.0019010436015570453,업무 유입 중심,업무 유입 중심,False,혼합 흐름 중심,혼합 흐름 중심,False
209,남한산성입구(성남법원.검찰청),0.003002884429981136,0.00702291248700593,0.999888178041294,29322.117647058825,27929.232,-0.3888386274569504,-0.3920668276503972,-0.003228200193446773,주거 유출·귀가 중심,주거 유출·귀가 중심,False,주거 유출·귀가 중심,주거 유출·귀가 중심,False
210,녹번,0.0033653382842420984,0.007010930769501399,0.9998909396234125,32927.64705882353,32499.64,-0.6315442768559307,-0.6290548978893671,0.002489378966563649,주거 유출·귀가 중심,주거 유출·귀가 중심,False,주거 유출·귀가 중심,주거 유출·귀가 중심,False
211,논현,0.0033189994384251304,0.00699261357610905,0.9998977329591455,43740.117647058825,43981.687999999995,0.6243531421672323,0.6187016455248793,-0.005651496642352982,업무 유입 중심,업무 유입 중심,False,업무 유입 중심,업무 유입 중심,False
212,사가정,0.0029722258839027364,0.006956509361270246,0.9998894850499601,35813.470588235294,35266.248,-0.48126925184373426,-0.47564013726285775,0.005629114580876504,주거 유출·귀가 중심,주거 유출·귀가 중심,False,주거 유출·귀가 중심,주거 유출·귀가 중심,False
213,상왕십리,0.003183927854513065,0.006924185544698133,0.9998706280351576,32059.378151260506,31831.6,-0.37347589533446,-0.37917490103368234,-0.005699005699222326,주거 유출·귀가 중심,주거 유출·귀가 중심,False,주거 유출·귀가 중심,주거 유출·귀가 중심,False
214,남성,0.0028357624499328288,0.006917447726552093,0.9999029031087289,24794.495798319327,24687.8,-0.5311928882170844,-0.5300960236953994,0.0010968645216850037,주거 유출·귀가 중심,주거 유출·귀가 중심,False,주거 유출·귀가 중심,주거 유출·귀가 중심,False
215,하남시청(덕풍·신장),0.003052285412827359,0.006858353969044686,0.9998680882934733,18749.689075630253,18379.632,-0.3748616382793738,-0.3775050835864284,-0.002643445307054626,주거 유출·귀가 중심,주거 유출·귀가 중심,False,주거 유출·귀가 중심,주거 유출·귀가 중심,False
216,홍대입구,0.0028295916214950106,0.006840423496462726,0.999878057144054,148338.82352941178,149725.68,0.024948695397244244,0.02281723291479206,-0.002131462482452183,업무 유입 중심,업무 유입 중심,False,혼합 흐름 중심,혼합 흐름 중심,False
217,면목,0.0030406358081455434,0.006823439525919316,0.999882702364996,33064.184873949576,32462.56,-0.4779138631110896,-0.47971774686792884,-0.001803883756839264,주거 유출·귀가 중심,주거 유출·귀가 중심,False,주거 유출·귀가 중심,주거 유출·귀가 중심,False
218,압구정,0.003388889138518284,0.006698940600434549,0.9998716003149826,70311.7899159664,70617.208,0.5282842484296065,0.5173768725913624,-0.010907375838244082,업무 유입 중심,업무 유입 중심,False,업무 유입 중심,업무 유입 중심,False
219,남위례,0.0028137462887822145,0.006643194007195531,0.999892745351666,17189.731092436974,16823.472,-0.1648275281512673,-0.15848716597495507,0.006340362176312231,주거 유출·귀가 중심,주거 유출·귀가 중심,False,혼합 흐름 중심,혼합 흐름 중심,False
220,쌍문,0.002744801502834976,0.006585445790640783,0.9999182679668378,62575.19327731092,61474.344,-0.6012538207341711,-0.597154120708024,0.004099700026147124,주거 유출·귀가 중심,주거 유출·귀가 중심,False,주거 유출·귀가 중심,주거 유출·귀가 중심,False
221,상계,0.002737492102556831,0.006585037143868612,0.9999079709095906,42292.117647058825,41512.928,-0.5407757373427512,-0.5331070400254133,0.00766869731733788,주거 유출·귀가 중심,주거 유출·귀가 중심,False,주거 유출·귀가 중심,주거 유출·귀가 중심,False
222,구로디지털단지,0.002778831851724671,0.006558786834196544,0.9999017394950139,128729.64705882352,127572.832,0.054987324325437625,0.055533798485247456,0.0005464741598098302,업무 유입 중심,업무 유입 중심,False,혼합 흐름 중심,혼합 흐름 중심,False
223,장한평,0.002906036254889672,0.006489382403259308,0.9998975225073873,44905.95798319328,44785.872,-0.11814341887524578,-0.12116961442027514,-0.0030261955450293643,주거 유출·귀가 중심,주거 유출·귀가 중심,False,혼합 흐름 중심,혼합 흐름 중심,False
224,길음,0.0027847022118642943,0.006466962005187003,0.9999017066022561,48734.100840336134,47444.704,-0.47749357346184707,-0.4792382399522177,-0.0017446664903706388,주거 유출·귀가 중심,주거 유출·귀가 중심,False,주거 유출·귀가 중심,주거 유출·귀가 중심,False
225,군자(능동),0.002753818985557903,0.0063496076293360435,0.9998985275186273,57740.12605042017,57781.384,-0.2958922353840852,-0.2943496502749461,0.0015425851091391274,주거 유출·귀가 중심,주거 유출·귀가 중심,False,주거 유출·귀가 중심,주거 유출·귀가 중심,False
226,낙성대(강감찬),0.002463333891369565,0.00630302961364049,0.9999224997041507,59968.58823529412,60135.84,-0.4378712711809807,-0.4370556237695054,0.0008156474114752732,주거 유출·귀가 중심,주거 유출·귀가 중심,False,주거 유출·귀가 중심,주거 유출·귀가 중심,False
227,서울대입구(관악구청),0.0025852173981218063,0.006204012648189385,0.9999064926123882,101330.85714285714,100661.408,-0.3836526697496841,-0.3801516380223121,0.0035010317273719838,주거 유출·귀가 중심,주거 유출·귀가 중심,False,주거 유출·귀가 중심,주거 유출·귀가 중심,False
228,까치산,0.002639068536856195,0.006148318607744605,0.9999308928647,59995.72268907563,59327.392,-0.6866022635009928,-0.6826296983949307,0.0039725651060621425,주거 유출·귀가 중심,주거 유출·귀가 중심,False,주거 유출·귀가 중심,주거 유출·귀가 중심,False
229,영등포구청,0.002892652177332388,0.006126478813198495,0.9999102545029951,64429.83193277311,64655.752,0.23466045238206043,0.24153143217268003,0.006870979790619597,업무 유입 중심,업무 유입 중심,False,업무 유입 중심,업무 유입 중심,False
230,교대(법원.검찰청),0.0029684591769854798,0.006107874258464431,0.9998925414079963,109076.10084033613,108300.56,0.4613253389391435,0.4613845448917172,5.920595257369321e-05,업무 유입 중심,업무 유입 중심,False,업무 유입 중심,업무 유입 중심,False
231,봉천,0.002689110388970961,0.005921798885590188,0.9999147652106245,52857.41176470588,52816.728,-0.5712567094353821,-0.5701182585691571,0.0011384508662249937,주거 유출·귀가 중심,주거 유출·귀가 중심,False,주거 유출·귀가 중심,주거 유출·귀가 중심,False
232,수유(강북구청),0.0024097284389531888,0.005785525169994901,0.9999216982659676,74884.64705882352,74202.592,-0.4053527636536307,-0.40293581935721473,0.0024169442964159793,주거 유출·귀가 중심,주거 유출·귀가 중심,False,주거 유출·귀가 중심,주거 유출·귀가 중심,False
233,화곡,0.0026522665795153696,0.005757013534894628,0.9999232223529226,61214.35294117647,60884.68,-0.5697835436414938,-0.5650858525724891,0.004697691069004639,주거 유출·귀가 중심,주거 유출·귀가 중심,False,주거 유출·귀가 중심,주거 유출·귀가 중심,False
234,새절(신사),0.0024940412940969558,0.005547180819925751,0.9999281043921502,27682.176470588234,27212.808,-0.5748356833918651,-0.5784455157797846,-0.003609832387919565,주거 유출·귀가 중심,주거 유출·귀가 중심,False,주거 유출·귀가 중심,주거 유출·귀가 중심,False
235,사당,0.0023729237052401006,0.005437964519914505,0.999916087383379,149301.96638655462,148543.944,-0.28441892751112,-0.28762383730552843,-0.003204909794408406,주거 유출·귀가 중심,주거 유출·귀가 중심,False,혼합 흐름 중심,혼합 흐름 중심,False
236,신대방,0.0024438488779731757,0.005396336111153661,0.9999333387651853,54274.403361344535,53085.544,-0.6084964669475559,-0.6114092910477263,-0.0029128241001704636,주거 유출·귀가 중심,주거 유출·귀가 중심,False,주거 유출·귀가 중심,주거 유출·귀가 중심,False
237,신사,0.002532050639788401,0.005312901741248802,0.9999355309489047,62116.97478991597,61534.744,0.5368772664439792,0.536910733752138,3.3467308158896536e-05,업무 유입 중심,업무 유입 중심,False,업무 유입 중심,업무 유입 중심,False
238,양재(서초구청),0.0024449503867461876,0.005295992081490524,0.9999380635199616,88193.3025210084,88140.952,0.5060266214683659,0.5041207658660142,-0.0019058556023516804,업무 유입 중심,업무 유입 중심,False,업무 유입 중심,업무 유입 중심,False
239,강남,0.0026675107810705434,0.005123300940596324,0.999916474015775,179714.8151260504,181553.368,0.4965266630723659,0.4979520121894751,0.0014253491171091759,업무 유입 중심,업무 유입 중심,False,업무 유입 중심,업무 유입 중심,False
240,신림,0.0018660100788496171,0.004429354209487696,0.9999593028912868,118220.05042016806,118323.696,-0.6045372653305008,-0.6064612438449768,-0.0019239785144760102,주거 유출·귀가 중심,주거 유출·귀가 중심,False,주거 유출·귀가 중심,주거 유출·귀가 중심,False
