date,station_name,actual,weekday,is_weekend,is_holiday,holiday_name,day_type,station_type,weekday_average,weekend_average,relative_weekend_index,prediction,model_name,error,residual,absolute_error,squared_error,underprediction,is_underprediction
2025-10-13,강남,170217,월,False,False,,Ordinary weekday,Balanced,180657,100064,0.854,31699.0,same_weekday_last_week,-138518.0,138518.0,138518.0,19187236324.0,138518.0,True
2025-10-14,강남,173332,화,False,False,,Ordinary weekday,Balanced,180657,100064,0.854,49755.0,same_weekday_last_week,-123577.0,123577.0,123577.0,15271274929.0,123577.0,True
2025-10-13,역삼,128775,월,False,False,,Ordinary weekday,Weekday-oriented,126467,35162,0.429,11961.0,same_weekday_last_week,-116814.0,116814.0,116814.0,13645510596.0,116814.0,True
2025-10-14,역삼,130902,화,False,False,,Ordinary weekday,Weekday-oriented,126467,35162,0.429,16025.0,same_weekday_last_week,-114877.0,114877.0,114877.0,13196725129.0,114877.0,True
2025-10-15,강남,176914,수,False,False,,Ordinary weekday,Balanced,180657,100064,0.854,65912.0,same_weekday_last_week,-111002.0,111002.0,111002.0,12321444004.0,111002.0,True
2025-10-15,역삼,131395,수,False,False,,Ordinary weekday,Weekday-oriented,126467,35162,0.429,21451.0,same_weekday_last_week,-109944.0,109944.0,109944.0,12087683136.0,109944.0,True
2025-10-13,선릉,123223,월,False,False,,Ordinary weekday,Weekday-oriented,125904,44395,0.544,13549.0,same_weekday_last_week,-109674.0,109674.0,109674.0,12028386276.0,109674.0,True
2025-10-14,선릉,127702,화,False,False,,Ordinary weekday,Weekday-oriented,125904,44395,0.544,19946.0,same_weekday_last_week,-107756.0,107756.0,107756.0,11611355536.0,107756.0,True
2025-10-16,강남,178198,목,False,False,,Ordinary weekday,Balanced,180657,100064,0.854,70676.0,same_weekday_last_week,-107522.0,107522.0,107522.0,11560980484.0,107522.0,True
2025-10-16,역삼,129977,목,False,False,,Ordinary weekday,Weekday-oriented,126467,35162,0.429,24859.0,same_weekday_last_week,-105118.0,105118.0,105118.0,11049793924.0,105118.0,True
2025-10-15,선릉,128831,수,False,False,,Ordinary weekday,Weekday-oriented,125904,44395,0.544,28479.0,same_weekday_last_week,-100352.0,100352.0,100352.0,10070523904.0,100352.0,True
2025-10-16,선릉,128435,목,False,False,,Ordinary weekday,Weekday-oriented,125904,44395,0.544,30969.0,same_weekday_last_week,-97466.0,97466.0,97466.0,9499621156.0,97466.0,True
2025-10-13,구로디지털단지,125058,월,False,False,,Ordinary weekday,Weekday-oriented,128137,66398,0.799,29320.0,same_weekday_last_week,-95738.0,95738.0,95738.0,9165764644.0,95738.0,True
2025-10-13,사당,133593,월,False,False,,Ordinary weekday,Balanced,148914,114165,1.182,39513.0,same_weekday_last_week,-94080.0,94080.0,94080.0,8851046400.0,94080.0,True
2025-10-13,가산디지털단지,104265,월,False,False,,Ordinary weekday,Weekday-oriented,101706,25232,0.383,13258.0,same_weekday_last_week,-91007.0,91007.0,91007.0,8282274049.0,91007.0,True
2025-10-14,구로디지털단지,129349,화,False,False,,Ordinary weekday,Weekday-oriented,128137,66398,0.799,39583.0,same_weekday_last_week,-89766.0,89766.0,89766.0,8057934756.0,89766.0,True
2025-10-13,교대(법원.검찰청),103586,월,False,False,,Ordinary weekday,Weekday-oriented,108679,45362,0.644,13868.0,same_weekday_last_week,-89718.0,89718.0,89718.0,8049319524.0,89718.0,True
2025-10-14,교대(법원.검찰청),108077,화,False,False,,Ordinary weekday,Weekday-oriented,108679,45362,0.644,21776.0,same_weekday_last_week,-86301.0,86301.0,86301.0,7447862601.0,86301.0,True
2025-10-14,사당,144973,화,False,False,,Ordinary weekday,Balanced,148914,114165,1.182,58687.0,same_weekday_last_week,-86286.0,86286.0,86286.0,7445273796.0,86286.0,True
2025-10-14,가산디지털단지,104174,화,False,False,,Ordinary weekday,Weekday-oriented,101706,25232,0.383,18828.0,same_weekday_last_week,-85346.0,85346.0,85346.0,7283939716.0,85346.0,True
2025-10-13,시청,114071,월,False,False,,Ordinary weekday,Weekday-oriented,121004,59902,0.763,31233.0,same_weekday_last_week,-82838.0,82838.0,82838.0,6862134244.0,82838.0,True
2025-10-16,가산디지털단지,104401,목,False,False,,Ordinary weekday,Weekday-oriented,101706,25232,0.383,22269.0,same_weekday_last_week,-82132.0,82132.0,82132.0,6745665424.0,82132.0,True
2025-10-15,가산디지털단지,104875,수,False,False,,Ordinary weekday,Weekday-oriented,101706,25232,0.383,23347.0,same_weekday_last_week,-81528.0,81528.0,81528.0,6646814784.0,81528.0,True
2025-10-14,시청,121453,화,False,False,,Ordinary weekday,Weekday-oriented,121004,59902,0.763,40231.0,same_weekday_last_week,-81222.0,81222.0,81222.0,6597013284.0,81222.0,True
2025-10-16,삼성(무역센터),121092,목,False,False,,Ordinary weekday,Balanced,123725,66956,0.835,40465.0,same_weekday_last_week,-80627.0,80627.0,80627.0,6500713129.0,80627.0,True
2025-10-15,삼성(무역센터),122493,수,False,False,,Ordinary weekday,Balanced,123725,66956,0.835,42144.0,same_weekday_last_week,-80349.0,80349.0,80349.0,6455961801.0,80349.0,True
2025-10-16,교대(법원.검찰청),112741,목,False,False,,Ordinary weekday,Weekday-oriented,108679,45362,0.644,33460.0,same_weekday_last_week,-79281.0,79281.0,79281.0,6285476961.0,79281.0,True
2025-10-15,교대(법원.검찰청),109786,수,False,False,,Ordinary weekday,Weekday-oriented,108679,45362,0.644,31231.0,same_weekday_last_week,-78555.0,78555.0,78555.0,6170888025.0,78555.0,True
2025-10-15,구로디지털단지,131562,수,False,False,,Ordinary weekday,Weekday-oriented,128137,66398,0.799,53242.0,same_weekday_last_week,-78320.0,78320.0,78320.0,6134022400.0,78320.0,True
2025-10-16,시청,127015,목,False,False,,Ordinary weekday,Weekday-oriented,121004,59902,0.763,50026.0,same_weekday_last_week,-76989.0,76989.0,76989.0,5927306121.0,76989.0,True
2025-10-16,구로디지털단지,129461,목,False,False,,Ordinary weekday,Weekday-oriented,128137,66398,0.799,53602.0,same_weekday_last_week,-75859.0,75859.0,75859.0,5754587881.0,75859.0,True
2025-10-13,삼성(무역센터),114593,월,False,False,,Ordinary weekday,Balanced,123725,66956,0.835,39684.0,same_weekday_last_week,-74909.0,74909.0,74909.0,5611358281.0,74909.0,True
2025-10-14,삼성(무역센터),118426,화,False,False,,Ordinary weekday,Balanced,123725,66956,0.835,43649.0,same_weekday_last_week,-74777.0,74777.0,74777.0,5591599729.0,74777.0,True
2025-10-13,양재(서초구청),85218,월,False,False,,Ordinary weekday,Weekday-oriented,88166,40070,0.701,12692.0,same_weekday_last_week,-72526.0,72526.0,72526.0,5260020676.0,72526.0,True
2025-10-13,서울역,175099,월,False,False,,Ordinary weekday,Weekend-relative-strong,189242,148344,1.209,102830.0,same_weekday_last_week,-72269.0,72269.0,72269.0,5222808361.0,72269.0,True
2025-10-13,서울대입구(관악구청),97869,월,False,False,,Ordinary weekday,Balanced,100988,66328,1.013,26225.0,same_weekday_last_week,-71644.0,71644.0,71644.0,5132862736.0,71644.0,True
2025-10-14,양재(서초구청),88906,화,False,False,,Ordinary weekday,Weekday-oriented,88166,40070,0.701,17547.0,same_weekday_last_week,-71359.0,71359.0,71359.0,5092106881.0,71359.0,True
2025-10-16,서울역,191824,목,False,False,,Ordinary weekday,Weekend-relative-strong,189242,148344,1.209,120652.0,same_weekday_last_week,-71172.0,71172.0,71172.0,5065453584.0,71172.0,True
2025-10-13,신림,112886,월,False,False,,Ordinary weekday,Balanced,118273,85166,1.111,42137.0,same_weekday_last_week,-70749.0,70749.0,70749.0,5005421001.0,70749.0,True
2025-10-13,신도림,97420,월,False,False,,Ordinary weekday,Balanced,105871,80164,1.168,27326.0,same_weekday_last_week,-70094.0,70094.0,70094.0,4913168836.0,70094.0,True
2025-10-14,서울대입구(관악구청),104105,화,False,False,,Ordinary weekday,Balanced,100988,66328,1.013,34692.0,same_weekday_last_week,-69413.0,69413.0,69413.0,4818164569.0,69413.0,True
2025-10-13,잠실(송파구청),178593,월,False,False,,Ordinary weekday,Weekend-relative-strong,211206,179183,1.308,109477.0,same_weekday_last_week,-69116.0,69116.0,69116.0,4777021456.0,69116.0,True
2025-10-14,신림,118149,화,False,False,,Ordinary weekday,Balanced,118273,85166,1.111,50942.0,same_weekday_last_week,-67207.0,67207.0,67207.0,4516780849.0,67207.0,True
2025-10-14,서울역,177001,화,False,False,,Ordinary weekday,Weekend-relative-strong,189242,148344,1.209,110328.0,same_weekday_last_week,-66673.0,66673.0,66673.0,4445288929.0,66673.0,True
2025-10-16,양재(서초구청),92987,목,False,False,,Ordinary weekday,Weekday-oriented,88166,40070,0.701,27251.0,same_weekday_last_week,-65736.0,65736.0,65736.0,4321221696.0,65736.0,True
2025-10-15,양재(서초구청),91066,수,False,False,,Ordinary weekday,Weekday-oriented,88166,40070,0.701,25624.0,same_weekday_last_week,-65442.0,65442.0,65442.0,4282655364.0,65442.0,True
2025-10-14,신도림,103066,화,False,False,,Ordinary weekday,Balanced,105871,80164,1.168,38369.0,same_weekday_last_week,-64697.0,64697.0,64697.0,4185701809.0,64697.0,True
2025-10-13,종각,85612,월,False,False,,Ordinary weekday,Weekday-oriented,88896,44225,0.767,21694.0,same_weekday_last_week,-63918.0,63918.0,63918.0,4085510724.0,63918.0,True
2025-10-15,시청,124264,수,False,False,,Ordinary weekday,Weekday-oriented,121004,59902,0.763,61004.0,same_weekday_last_week,-63260.0,63260.0,63260.0,4001827600.0,63260.0,True
2025-10-10,강남,151385,금,False,False,,Ordinary weekday,Balanced,180657,100064,0.854,88868.0,same_weekday_last_week,-62517.0,62517.0,62517.0,3908375289.0,62517.0,True
2025-10-15,사당,148201,수,False,False,,Ordinary weekday,Balanced,148914,114165,1.182,86509.0,same_weekday_last_week,-61692.0,61692.0,61692.0,3805902864.0,61692.0,True
2025-10-16,사당,149567,목,False,False,,Ordinary weekday,Balanced,148914,114165,1.182,88533.0,same_weekday_last_week,-61034.0,61034.0,61034.0,3725149156.0,61034.0,True
2025-10-13,을지로입구,102117,월,False,False,,Ordinary weekday,Balanced,113134,66682,0.909,41177.0,same_weekday_last_week,-60940.0,60940.0,60940.0,3713683600.0,60940.0,True
2025-10-16,을지로입구,115940,목,False,False,,Ordinary weekday,Balanced,113134,66682,0.909,55897.0,same_weekday_last_week,-60043.0,60043.0,60043.0,3605161849.0,60043.0,True
2025-12-25,홍대입구,220064,목,False,True,기독탄신일,Public holiday,Weekend-relative-strong,149049,166315,1.721,160064.0,same_weekday_last_week,-60000.0,60000.0,60000.0,3600000000.0,60000.0,True
2025-10-13,여의도,67762,월,False,False,,Ordinary weekday,Weekday-oriented,68910,27170,0.608,8582.0,same_weekday_last_week,-59180.0,59180.0,59180.0,3502272400.0,59180.0,True
2025-10-14,종각,88854,화,False,False,,Ordinary weekday,Weekday-oriented,88896,44225,0.767,29741.0,same_weekday_last_week,-59113.0,59113.0,59113.0,3494346769.0,59113.0,True
2025-10-13,노원,88734,월,False,False,,Ordinary weekday,Balanced,93595,65134,1.073,30068.0,same_weekday_last_week,-58666.0,58666.0,58666.0,3441699556.0,58666.0,True
2025-10-13,공덕,73903,월,False,False,,Ordinary weekday,Weekday-oriented,77123,36854,0.737,15817.0,same_weekday_last_week,-58086.0,58086.0,58086.0,3373983396.0,58086.0,True
2025-10-15,서울역,183973,수,False,False,,Ordinary weekday,Weekend-relative-strong,189242,148344,1.209,126497.0,same_weekday_last_week,-57476.0,57476.0,57476.0,3303490576.0,57476.0,True
2025-10-10,역삼,85708,금,False,False,,Ordinary weekday,Weekday-oriented,126467,35162,0.429,29133.0,same_weekday_last_week,-56575.0,56575.0,56575.0,3200730625.0,56575.0,True
2025-10-10,월드컵경기장(성산),67434,금,False,False,,Ordinary weekday,Weekend-relative-strong,10832,16488,2.348,11670.0,same_weekday_last_week,-55764.0,55764.0,55764.0,3109623696.0,55764.0,True
2025-10-14,공덕,76618,화,False,False,,Ordinary weekday,Weekday-oriented,77123,36854,0.737,20995.0,same_weekday_last_week,-55623.0,55623.0,55623.0,3093918129.0,55623.0,True
2025-10-13,건대입구,101257,월,False,False,,Ordinary weekday,Weekend-relative-strong,110226,93041,1.302,46160.0,same_weekday_last_week,-55097.0,55097.0,55097.0,3035679409.0,55097.0,True
2025-10-13,을지로3가,77685,월,False,False,,Ordinary weekday,Balanced,85146,46160,0.836,23198.0,same_weekday_last_week,-54487.0,54487.0,54487.0,2968833169.0,54487.0,True
2025-10-16,신도림,107203,목,False,False,,Ordinary weekday,Balanced,105871,80164,1.168,53255.0,same_weekday_last_week,-53948.0,53948.0,53948.0,2910386704.0,53948.0,True
2025-10-13,압구정,65280,월,False,False,,Ordinary weekday,Balanced,70468,43978,0.963,11674.0,same_weekday_last_week,-53606.0,53606.0,53606.0,2873603236.0,53606.0,True
2025-10-13,천호(풍납토성),78199,월,False,False,,Ordinary weekday,Balanced,82983,62988,1.171,24620.0,same_weekday_last_week,-53579.0,53579.0,53579.0,2870709241.0,53579.0,True
2025-10-15,신림,120869,수,False,False,,Ordinary weekday,Balanced,118273,85166,1.111,67683.0,same_weekday_last_week,-53186.0,53186.0,53186.0,2828750596.0,53186.0,True
2025-10-13,영등포구청,64105,월,False,False,,Ordinary weekday,Weekday-oriented,64546,31598,0.755,11115.0,same_weekday_last_week,-52990.0,52990.0,52990.0,2807940100.0,52990.0,True
2025-10-13,성수,96393,월,False,False,,Ordinary weekday,Balanced,112088,85527,1.177,43841.0,same_weekday_last_week,-52552.0,52552.0,52552.0,2761712704.0,52552.0,True
2025-10-10,선릉,90564,금,False,False,,Ordinary weekday,Weekday-oriented,125904,44395,0.544,38225.0,same_weekday_last_week,-52339.0,52339.0,52339.0,2739370921.0,52339.0,True
2025-10-17,서울역,217665,금,False,False,,Ordinary weekday,Weekend-relative-strong,189242,148344,1.209,165354.0,same_weekday_last_week,-52311.0,52311.0,52311.0,2736440721.0,52311.0,True
2025-10-15,서울대입구(관악구청),100454,수,False,False,,Ordinary weekday,Balanced,100988,66328,1.013,48194.0,same_weekday_last_week,-52260.0,52260.0,52260.0,2731107600.0,52260.0,True
2025-10-13,합정,85335,월,False,False,,Ordinary weekday,Weekend-relative-strong,98658,86681,1.355,33123.0,same_weekday_last_week,-52212.0,52212.0,52212.0,2726092944.0,52212.0,True
2025-12-25,명동,137259,목,False,True,기독탄신일,Public holiday,Weekend-relative-strong,77421,71711,1.429,85091.0,same_weekday_last_week,-52168.0,52168.0,52168.0,2721500224.0,52168.0,True
2025-10-15,신도림,105071,수,False,False,,Ordinary weekday,Balanced,105871,80164,1.168,53026.0,same_weekday_last_week,-52045.0,52045.0,52045.0,2708682025.0,52045.0,True
2025-10-14,을지로입구,108158,화,False,False,,Ordinary weekday,Balanced,113134,66682,0.909,56320.0,same_weekday_last_week,-51838.0,51838.0,51838.0,2687178244.0,51838.0,True
2025-10-16,종각,90819,목,False,False,,Ordinary weekday,Weekday-oriented,88896,44225,0.767,39128.0,same_weekday_last_week,-51691.0,51691.0,51691.0,2671959481.0,51691.0,True
2025-10-16,을지로3가,86379,목,False,False,,Ordinary weekday,Balanced,85146,46160,0.836,34841.0,same_weekday_last_week,-51538.0,51538.0,51538.0,2656165444.0,51538.0,True
2025-10-14,을지로3가,80442,화,False,False,,Ordinary weekday,Balanced,85146,46160,0.836,28931.0,same_weekday_last_week,-51511.0,51511.0,51511.0,2653383121.0,51511.0,True
2025-10-13,광화문(세종문화회관),71543,월,False,False,,Ordinary weekday,Balanced,77792,45870,0.909,20159.0,same_weekday_last_week,-51384.0,51384.0,51384.0,2640315456.0,51384.0,True
2025-10-16,신림,120459,목,False,False,,Ordinary weekday,Balanced,118273,85166,1.111,69131.0,same_weekday_last_week,-51328.0,51328.0,51328.0,2634563584.0,51328.0,True
2025-10-14,압구정,69575,화,False,False,,Ordinary weekday,Balanced,70468,43978,0.963,18645.0,same_weekday_last_week,-50930.0,50930.0,50930.0,2593864900.0,50930.0,True
2025-10-16,서울대입구(관악구청),102514,목,False,False,,Ordinary weekday,Balanced,100988,66328,1.013,51809.0,same_weekday_last_week,-50705.0,50705.0,50705.0,2570997025.0,50705.0,True
2025-10-13,종로3가,97333,월,False,False,,Ordinary weekday,Weekend-relative-strong,111090,91930,1.276,46632.0,same_weekday_last_week,-50701.0,50701.0,50701.0,2570591401.0,50701.0,True
2025-10-13,신촌,78658,월,False,False,,Ordinary weekday,Balanced,82627,64255,1.199,28145.0,same_weekday_last_week,-50513.0,50513.0,50513.0,2551563169.0,50513.0,True
2025-10-14,영등포구청,66492,화,False,False,,Ordinary weekday,Weekday-oriented,64546,31598,0.755,16509.0,same_weekday_last_week,-49983.0,49983.0,49983.0,2498300289.0,49983.0,True
2025-10-16,공덕,77636,목,False,False,,Ordinary weekday,Weekday-oriented,77123,36854,0.737,27798.0,same_weekday_last_week,-49838.0,49838.0,49838.0,2483826244.0,49838.0,True
2025-10-16,여의도,68749,목,False,False,,Ordinary weekday,Weekday-oriented,68910,27170,0.608,19041.0,same_weekday_last_week,-49708.0,49708.0,49708.0,2470885264.0,49708.0,True
2025-10-13,문정,55366,월,False,False,,Ordinary weekday,Weekday-oriented,53827,18260,0.523,5885.0,same_weekday_last_week,-49481.0,49481.0,49481.0,2448369361.0,49481.0,True
2025-10-14,여의도,67991,화,False,False,,Ordinary weekday,Weekday-oriented,68910,27170,0.608,18561.0,same_weekday_last_week,-49430.0,49430.0,49430.0,2443324900.0,49430.0,True
2025-10-14,잠실(송파구청),191490,화,False,False,,Ordinary weekday,Weekend-relative-strong,211206,179183,1.308,142148.0,same_weekday_last_week,-49342.0,49342.0,49342.0,2434632964.0,49342.0,True
2025-10-15,공덕,77454,수,False,False,,Ordinary weekday,Weekday-oriented,77123,36854,0.737,28779.0,same_weekday_last_week,-48675.0,48675.0,48675.0,2369255625.0,48675.0,True
2025-10-13,학동,53694,월,False,False,,Ordinary weekday,Weekday-oriented,53921,19540,0.559,5057.0,same_weekday_last_week,-48637.0,48637.0,48637.0,2365557769.0,48637.0,True
2025-10-16,잠실(송파구청),208787,목,False,False,,Ordinary weekday,Weekend-relative-strong,211206,179183,1.308,160231.0,same_weekday_last_week,-48556.0,48556.0,48556.0,2357685136.0,48556.0,True
2025-10-15,여의도,68922,수,False,False,,Ordinary weekday,Weekday-oriented,68910,27170,0.608,20423.0,same_weekday_last_week,-48499.0,48499.0,48499.0,2352153001.0,48499.0,True
2025-10-13,충무로,70536,월,False,False,,Ordinary weekday,Weekday-oriented,72880,35551,0.752,22327.0,same_weekday_last_week,-48209.0,48209.0,48209.0,2324107681.0,48209.0,True
2025-10-15,을지로입구,112647,수,False,False,,Ordinary weekday,Balanced,113134,66682,0.909,64708.0,same_weekday_last_week,-47939.0,47939.0,47939.0,2298147721.0,47939.0,True
2025-10-14,학동,54642,화,False,False,,Ordinary weekday,Weekday-oriented,53921,19540,0.559,6917.0,same_weekday_last_week,-47725.0,47725.0,47725.0,2277675625.0,47725.0,True
