date,day_type,holiday_name,actual_total,prediction_total,absolute_error_total,error,absolute_error,absolute_error_pct,model_name,error_rank
2025-10-06,Public holiday,추석,3129746,10166966.0,7037220.0,7037220.0,7037220.0,224.84955648158032,same_weekday_last_week,1
2025-10-07,Public holiday,추석 다음날,4150106,10374857.0,6263531.0,6224751.0,6224751.0,149.99016892580573,same_weekday_last_week,2
2025-10-09,Public holiday,한글날,5460124,10517925.0,5069179.0,5057801.0,5057801.0,92.63161422707617,same_weekday_last_week,3
2025-10-08,Public holiday,추석 대체 휴일,5691606,10354149.0,4921053.0,4662543.0,4662543.0,81.91963744503748,same_weekday_last_week,4
2025-10-03,Public holiday,개천절,6180335,11022344.0,4842009.0,4842009.0,4842009.0,78.34541331497402,same_weekday_last_week,5
2025-10-13,Ordinary weekday,,9642410,3129746.0,6512664.0,-6512664.0,6512664.0,67.54186971929217,same_weekday_last_week,6
2025-10-14,Ordinary weekday,,10144812,4150106.0,6029906.0,-5994706.0,5994706.0,59.09134639459065,same_weekday_last_week,7
2025-12-25,Public holiday,기독탄신일,6831450,10830479.0,4352465.0,3999029.0,3999029.0,58.538509394052504,same_weekday_last_week,8
2025-10-04,Ordinary weekend,,5757722,8719811.0,2967885.0,2962089.0,2962089.0,51.44550223161174,same_weekday_last_week,9
2025-10-16,Ordinary weekday,,10400406,5460124.0,4981524.0,-4940282.0,4940282.0,47.50085717807555,same_weekday_last_week,10
2025-10-15,Ordinary weekday,,10316683,5691606.0,4890789.0,-4625077.0,4625077.0,44.831046955693026,same_weekday_last_week,11
2025-10-05,Public holiday,추석 전날,4050176,5336748.0,1343494.0,1286572.0,1286572.0,31.765829435560335,same_weekday_last_week,12
2025-10-10,Ordinary weekday,,8520061,6180335.0,2470838.0,-2339726.0,2339726.0,27.4613761568139,same_weekday_last_week,13
2025-10-12,Ordinary weekend,,5164823,4050176.0,1172233.0,-1114647.0,1114647.0,21.5815140228426,same_weekday_last_week,14
2025-12-26,Ordinary weekday,,9339846,11349481.0,2009635.0,2009635.0,2009635.0,21.51678946312391,same_weekday_last_week,15
2025-10-17,Ordinary weekday,,10790257,8520061.0,2370234.0,-2270196.0,2270196.0,21.0393135214481,same_weekday_last_week,16
2025-10-18,Ordinary weekend,,7917964,6523259.0,1402253.0,-1394705.0,1394705.0,17.614439772648623,same_weekday_last_week,17
2025-10-19,Ordinary weekend,,6038555,5164823.0,889708.0,-873732.0,873732.0,14.469223183360919,same_weekday_last_week,18
2025-12-27,Ordinary weekend,,7550644,8472903.0,947049.0,922259.0,922259.0,12.214309137074931,same_weekday_last_week,19
2025-10-11,Ordinary weekend,,6523259,5757722.0,938027.0,-765537.0,765537.0,11.73549908105749,same_weekday_last_week,20
2025-12-31,Ordinary weekday,,10040007,10989300.0,1072055.0,949293.0,949293.0,9.455102969549722,same_weekday_last_week,21
2025-12-28,Ordinary weekend,,5750901,6280543.0,550638.0,529642.0,529642.0,9.209722093981448,same_weekday_last_week,22
2025-10-25,Ordinary weekend,,8433052,7917964.0,654426.0,-515088.0,515088.0,6.107966605684395,same_weekday_last_week,23
2025-12-21,Ordinary weekend,,6280543,5950308.0,375433.0,-330235.0,330235.0,5.258064469903319,same_weekday_last_week,24
2025-10-20,Ordinary weekday,,10100794,9642410.0,484816.0,-458384.0,458384.0,4.538098688083333,same_weekday_last_week,25
2025-12-03,Ordinary weekday,,10124664,10581543.0,476145.0,456879.0,456879.0,4.512534934492641,same_weekday_last_week,26
2025-12-04,Ordinary weekday,,10732706,10278925.0,464895.0,-453781.0,453781.0,4.22802040790086,same_weekday_last_week,27
2025-12-10,Ordinary weekday,,10553824,10124664.0,450934.0,-429160.0,429160.0,4.066393375519621,same_weekday_last_week,28
2025-11-23,Ordinary weekend,,5920105,6153026.0,359121.0,232921.0,232921.0,3.9344065688024115,same_weekday_last_week,29
2025-12-29,Ordinary weekday,,10044840,10419752.0,454756.0,374912.0,374912.0,3.732383990187997,same_weekday_last_week,30
2025-12-30,Ordinary weekday,,10190175,10564914.0,491567.0,374739.0,374739.0,3.677454018208716,same_weekday_last_week,31
2025-11-09,Ordinary weekend,,6036308,6239684.0,381498.0,203376.0,203376.0,3.369211776469988,same_weekday_last_week,32
2025-12-13,Ordinary weekend,,8271530,7996827.0,413405.0,-274703.0,274703.0,3.3210663565265435,same_weekday_last_week,33
2025-11-02,Ordinary weekend,,6239684,6040353.0,329369.0,-199331.0,199331.0,3.194568827523958,same_weekday_last_week,34
2025-12-19,Ordinary weekday,,11349481,11008711.0,376216.0,-340770.0,340770.0,3.002516150297974,same_weekday_last_week,35
2025-11-29,Ordinary weekend,,7929189,8166838.0,303717.0,237649.0,237649.0,2.9971413217669554,same_weekday_last_week,36
2025-12-18,Ordinary weekday,,10830479,10517501.0,390546.0,-312978.0,312978.0,2.889789085044161,same_weekday_last_week,37
2025-12-14,Ordinary weekend,,5950308,5778474.0,272926.0,-171834.0,171834.0,2.887816899562174,same_weekday_last_week,38
2025-11-27,Ordinary weekday,,10278925,10538519.0,291772.0,259594.0,259594.0,2.525497559326486,same_weekday_last_week,39
2025-12-22,Ordinary weekday,,10419752,10162181.0,372487.0,-257571.0,257571.0,2.471949428354917,same_weekday_last_week,40
2025-10-21,Ordinary weekday,,10401387,10144812.0,349179.0,-256575.0,256575.0,2.466738330186157,same_weekday_last_week,41
2025-12-20,Ordinary weekend,,8472903,8271530.0,364565.0,-201373.0,201373.0,2.376670664115947,same_weekday_last_week,42
2025-12-24,Ordinary weekday,,10989300,10734698.0,655974.0,-254602.0,254602.0,2.3168172677058596,same_weekday_last_week,43
2025-11-03,Ordinary weekday,,10033907,10266211.0,243686.0,232304.0,232304.0,2.3151898856547106,same_weekday_last_week,44
2025-10-01,Ordinary weekday,,10354149,10130159.0,377452.0,-223990.0,223990.0,2.16328739329519,same_weekday_last_week,45
2025-12-11,Ordinary weekday,,10517501,10732706.0,294423.0,215205.0,215205.0,2.04616096542325,same_weekday_last_week,46
2025-11-30,Ordinary weekend,,5802231,5920105.0,270942.0,117874.0,117874.0,2.0315289067257063,same_weekday_last_week,47
2025-10-24,Ordinary weekday,,11001909,10790257.0,317446.0,-211652.0,211652.0,1.923775228462624,same_weekday_last_week,48
2025-11-16,Ordinary weekend,,6153026,6036308.0,246028.0,-116718.0,116718.0,1.896920312054589,same_weekday_last_week,49
2025-11-07,Ordinary weekday,,10791762,10994317.0,292545.0,202555.0,202555.0,1.8769409481046746,same_weekday_last_week,50
2025-11-26,Ordinary weekday,,10581543,10387676.0,229773.0,-193867.0,193867.0,1.8321241051517723,same_weekday_last_week,51
2025-11-22,Ordinary weekend,,8166838,8314931.0,393693.0,148093.0,148093.0,1.813345630218207,same_weekday_last_week,52
2025-12-05,Ordinary weekday,,11088583,10894206.0,341641.0,-194377.0,194377.0,1.7529471529410023,same_weekday_last_week,53
2025-12-23,Ordinary weekday,,10564914,10379936.0,328956.0,-184978.0,184978.0,1.7508708542255997,same_weekday_last_week,54
2025-12-17,Ordinary weekday,,10734698,10553824.0,298204.0,-180874.0,180874.0,1.6849472616742456,same_weekday_last_week,55
2025-12-09,Ordinary weekday,,10397028,10228600.0,195412.0,-168428.0,168428.0,1.61996293556197,same_weekday_last_week,56
2025-10-27,Ordinary weekday,,10266211,10100794.0,199501.0,-165417.0,165417.0,1.611276058908199,same_weekday_last_week,57
2025-11-08,Ordinary weekend,,8215818,8342979.0,322819.0,127161.0,127161.0,1.5477582390457043,same_weekday_last_week,58
2025-10-22,Ordinary weekday,,10477379,10316683.0,278782.0,-160696.0,160696.0,1.5337423605655576,same_weekday_last_week,59
2025-11-18,Ordinary weekday,,10254386,10409426.0,264598.0,155040.0,155040.0,1.5119384037230508,same_weekday_last_week,60
2025-11-05,Ordinary weekday,,10444649,10601951.0,199412.0,157302.0,157302.0,1.506053482505731,same_weekday_last_week,61
2025-11-19,Ordinary weekday,,10387676,10521994.0,215132.0,134318.0,134318.0,1.2930514967929303,same_weekday_last_week,62
2025-11-15,Ordinary weekend,,8314931,8215818.0,296341.0,-99113.0,99113.0,1.1919882437990164,same_weekday_last_week,63
2025-10-23,Ordinary weekday,,10524510,10400406.0,210924.0,-124104.0,124104.0,1.1791902900942657,same_weekday_last_week,64
2025-11-06,Ordinary weekday,,10470019,10593204.0,181041.0,123185.0,123185.0,1.1765499183907882,same_weekday_last_week,65
2025-10-29,Ordinary weekday,,10601951,10477379.0,190480.0,-124572.0,124572.0,1.174991282264934,same_weekday_last_week,66
2025-10-02,Ordinary weekday,,10517925,10638389.0,451672.0,120464.0,120464.0,1.1453209639734074,same_weekday_last_week,67
2025-11-01,Ordinary weekend,,8342979,8433052.0,292129.0,90073.0,90073.0,1.0796263540876707,same_weekday_last_week,68
2025-11-20,Ordinary weekday,,10538519,10427063.0,216396.0,-111456.0,111456.0,1.0576059121779824,same_weekday_last_week,69
2025-12-15,Ordinary weekday,,10162181,10064111.0,203750.0,-98070.0,98070.0,0.9650487429814525,same_weekday_last_week,70
2025-11-04,Ordinary weekday,,10334301,10428109.0,165648.0,93808.0,93808.0,0.9077343499091037,same_weekday_last_week,71
2025-11-28,Ordinary weekday,,10894206,10796319.0,190253.0,-97887.0,97887.0,0.8985234903764442,same_weekday_last_week,72
2025-12-06,Ordinary weekend,,7996827,7929189.0,275408.0,-67638.0,67638.0,0.8458104695774962,same_weekday_last_week,73
2025-11-12,Ordinary weekday,,10521994,10444649.0,138601.0,-77345.0,77345.0,0.7350793015088205,same_weekday_last_week,74
2025-12-12,Ordinary weekday,,11008711,11088583.0,300650.0,79872.0,79872.0,0.7255345335162309,same_weekday_last_week,75
2025-11-11,Ordinary weekday,,10409426,10334301.0,159239.0,-75125.0,75125.0,0.7217016577090802,same_weekday_last_week,76
2025-10-30,Ordinary weekday,,10593204,10524510.0,165348.0,-68694.0,68694.0,0.6484723602037684,same_weekday_last_week,77
2025-12-08,Ordinary weekday,,10064111,10018763.0,126298.0,-45348.0,45348.0,0.45059121466366975,same_weekday_last_week,78
2025-11-13,Ordinary weekday,,10427063,10470019.0,182494.0,42956.0,42956.0,0.4119664377207657,same_weekday_last_week,79
2025-12-07,Ordinary weekend,,5778474,5802231.0,183739.0,23757.0,23757.0,0.41112930507258494,same_weekday_last_week,80
2025-12-01,Ordinary weekday,,10018763,10059315.0,137988.0,40552.0,40552.0,0.4047605477841925,same_weekday_last_week,81
2025-11-10,Ordinary weekday,,10073085,10033907.0,145810.0,-39178.0,39178.0,0.38893745064198304,same_weekday_last_week,82
2025-11-17,Ordinary weekday,,10034947,10073085.0,159038.0,38138.0,38138.0,0.38005183285970523,same_weekday_last_week,83
2025-11-25,Ordinary weekday,,10227444,10254386.0,183262.0,26942.0,26942.0,0.26342847733998837,same_weekday_last_week,84
2025-10-28,Ordinary weekday,,10428109,10401387.0,157952.0,-26722.0,26722.0,0.2562497189087686,same_weekday_last_week,85
2025-11-24,Ordinary weekday,,10059315,10034947.0,166726.0,-24368.0,24368.0,0.24224313484566296,same_weekday_last_week,86
2025-12-16,Ordinary weekday,,10379936,10397028.0,245410.0,17092.0,17092.0,0.1646638283704254,same_weekday_last_week,87
2025-10-31,Ordinary weekday,,10994317,11001909.0,294342.0,7592.0,7592.0,0.06905385755204257,same_weekday_last_week,88
2025-11-21,Ordinary weekday,,10796319,10789297.0,207612.0,-7022.0,7022.0,0.0650406865525185,same_weekday_last_week,89
2025-10-26,Ordinary weekend,,6040353,6038555.0,327592.0,-1798.0,1798.0,0.029766472257498858,same_weekday_last_week,90
2025-11-14,Ordinary weekday,,10789297,10791762.0,192457.0,2465.0,2465.0,0.022846715592313382,same_weekday_last_week,91
2025-12-02,Ordinary weekday,,10228600,10227444.0,139076.0,-1156.0,1156.0,0.011301644408814501,same_weekday_last_week,92
