date,passenger_count,weekday_num,weekday,is_weekend,holiday_name,is_holiday,day_type,day_type_order
2025-01-01,3949907.0,2,수,False,신정연휴,True,Public holiday,2
2025-01-02,9300390.0,3,목,False,,False,Ordinary weekday,0
2025-01-03,9798970.0,4,금,False,,False,Ordinary weekday,0
2025-01-04,6958991.0,5,토,True,,False,Ordinary weekend,1
2025-01-05,4866114.0,6,일,True,,False,Ordinary weekend,1
2025-01-06,9478276.0,0,월,False,,False,Ordinary weekday,0
2025-01-07,9541237.0,1,화,False,,False,Ordinary weekday,0
2025-01-08,9517243.0,2,수,False,,False,Ordinary weekday,0
2025-01-09,9011656.0,3,목,False,,False,Ordinary weekday,0
2025-01-10,9576869.0,4,금,False,,False,Ordinary weekday,0
2025-01-11,7144512.0,5,토,True,,False,Ordinary weekend,1
2025-01-12,5086064.0,6,일,True,,False,Ordinary weekend,1
2025-01-13,9465476.0,0,월,False,,False,Ordinary weekday,0
2025-01-14,9758493.0,1,화,False,,False,Ordinary weekday,0
2025-01-15,9723505.0,2,수,False,,False,Ordinary weekday,0
2025-01-16,9697688.0,3,목,False,,False,Ordinary weekday,0
2025-01-17,10102728.0,4,금,False,,False,Ordinary weekday,0
2025-01-18,7538047.0,5,토,True,,False,Ordinary weekend,1
2025-01-19,5202641.0,6,일,True,,False,Ordinary weekend,1
2025-01-20,9516442.0,0,월,False,,False,Ordinary weekday,0
2025-01-21,9716640.0,1,화,False,,False,Ordinary weekday,0
2025-01-22,9763147.0,2,수,False,,False,Ordinary weekday,0
2025-01-23,9844014.0,3,목,False,,False,Ordinary weekday,0
2025-01-24,10012475.0,4,금,False,,False,Ordinary weekday,0
2025-01-25,6621481.0,5,토,True,,False,Ordinary weekend,1
2025-01-26,4854780.0,6,일,True,,False,Ordinary weekend,1
2025-01-27,4795052.0,0,월,False,임시공휴일,True,Public holiday,2
2025-01-28,3340983.0,1,화,False,설날 전날,True,Public holiday,2
2025-01-29,2907370.0,2,수,False,설날,True,Public holiday,2
2025-01-30,3837607.0,3,목,False,설날 다음날,True,Public holiday,2
2025-01-31,8144419.0,4,금,False,,False,Ordinary weekday,0
2025-02-01,6407990.0,5,토,True,,False,Ordinary weekend,1
2025-02-02,4755144.0,6,일,True,,False,Ordinary weekend,1
2025-02-03,9430732.0,0,월,False,,False,Ordinary weekday,0
2025-02-04,9164723.0,1,화,False,,False,Ordinary weekday,0
2025-02-05,9350617.0,2,수,False,,False,Ordinary weekday,0
2025-02-06,9792349.0,3,목,False,,False,Ordinary weekday,0
2025-02-07,9977159.0,4,금,False,,False,Ordinary weekday,0
2025-02-08,7058959.0,5,토,True,,False,Ordinary weekend,1
2025-02-09,5119972.0,6,일,True,,False,Ordinary weekend,1
2025-02-10,9498079.0,0,월,False,,False,Ordinary weekday,0
2025-02-11,9799811.0,1,화,False,,False,Ordinary weekday,0
2025-02-12,9701865.0,2,수,False,,False,Ordinary weekday,0
2025-02-13,9969188.0,3,목,False,,False,Ordinary weekday,0
2025-02-14,10320856.0,4,금,False,,False,Ordinary weekday,0
2025-02-15,7743628.0,5,토,True,,False,Ordinary weekend,1
2025-02-16,5483140.0,6,일,True,,False,Ordinary weekend,1
2025-02-17,9583509.0,0,월,False,,False,Ordinary weekday,0
2025-02-18,9831144.0,1,화,False,,False,Ordinary weekday,0
2025-02-19,9896977.0,2,수,False,,False,Ordinary weekday,0
2025-02-20,10004533.0,3,목,False,,False,Ordinary weekday,0
2025-02-21,10300842.0,4,금,False,,False,Ordinary weekday,0
2025-02-22,7802287.0,5,토,True,,False,Ordinary weekend,1
2025-02-23,5445225.0,6,일,True,,False,Ordinary weekend,1
2025-02-24,9609557.0,0,월,False,,False,Ordinary weekday,0
2025-02-25,9918536.0,1,화,False,,False,Ordinary weekday,0
2025-02-26,10001413.0,2,수,False,,False,Ordinary weekday,0
2025-02-27,10057542.0,3,목,False,,False,Ordinary weekday,0
2025-02-28,10316704.0,4,금,False,,False,Ordinary weekday,0
2025-03-01,7441682.0,5,토,True,삼일절,True,Public holiday,2
2025-03-02,5382737.0,6,일,True,,False,Ordinary weekend,1
2025-03-03,5336539.0,0,월,False,삼일절 대체 휴일,True,Public holiday,2
2025-03-04,9628439.0,1,화,False,,False,Ordinary weekday,0
2025-03-05,10144432.0,2,수,False,,False,Ordinary weekday,0
2025-03-06,10319827.0,3,목,False,,False,Ordinary weekday,0
2025-03-07,10655848.0,4,금,False,,False,Ordinary weekday,0
2025-03-08,8132822.0,5,토,True,,False,Ordinary weekend,1
2025-03-09,5638832.0,6,일,True,,False,Ordinary weekend,1
2025-03-10,10112490.0,0,월,False,,False,Ordinary weekday,0
2025-03-11,10364889.0,1,화,False,,False,Ordinary weekday,0
2025-03-12,10325705.0,2,수,False,,False,Ordinary weekday,0
2025-03-13,10485021.0,3,목,False,,False,Ordinary weekday,0
2025-03-14,10918438.0,4,금,False,,False,Ordinary weekday,0
2025-03-15,8441954.0,5,토,True,,False,Ordinary weekend,1
2025-03-16,5554467.0,6,일,True,,False,Ordinary weekend,1
2025-03-17,10003321.0,0,월,False,,False,Ordinary weekday,0
2025-03-18,10178058.0,1,화,False,,False,Ordinary weekday,0
2025-03-19,10355155.0,2,수,False,,False,Ordinary weekday,0
2025-03-20,10572947.0,3,목,False,,False,Ordinary weekday,0
2025-03-21,10927781.0,4,금,False,,False,Ordinary weekday,0
2025-03-22,8493728.0,5,토,True,,False,Ordinary weekend,1
2025-03-23,5700253.0,6,일,True,,False,Ordinary weekend,1
2025-03-24,10080203.0,0,월,False,,False,Ordinary weekday,0
2025-03-25,10421758.0,1,화,False,,False,Ordinary weekday,0
2025-03-26,10512532.0,2,수,False,,False,Ordinary weekday,0
2025-03-27,10499410.0,3,목,False,,False,Ordinary weekday,0
2025-03-28,10917945.0,4,금,False,,False,Ordinary weekday,0
2025-03-29,8030643.0,5,토,True,,False,Ordinary weekend,1
2025-03-30,5540520.0,6,일,True,,False,Ordinary weekend,1
2025-03-31,10010707.0,0,월,False,,False,Ordinary weekday,0
2025-04-01,10282320.0,1,화,False,,False,Ordinary weekday,0
2025-04-02,10360661.0,2,수,False,,False,Ordinary weekday,0
2025-04-03,10622429.0,3,목,False,,False,Ordinary weekday,0
2025-04-04,10582777.0,4,금,False,,False,Ordinary weekday,0
2025-04-05,7012637.0,5,토,True,,False,Ordinary weekend,1
2025-04-06,6149135.0,6,일,True,,False,Ordinary weekend,1
2025-04-07,10180588.0,0,월,False,,False,Ordinary weekday,0
2025-04-08,10573842.0,1,화,False,,False,Ordinary weekday,0
2025-04-09,10464035.0,2,수,False,,False,Ordinary weekday,0
2025-04-10,10657785.0,3,목,False,,False,Ordinary weekday,0
2025-04-11,11203748.0,4,금,False,,False,Ordinary weekday,0
2025-04-12,7477836.0,5,토,True,,False,Ordinary weekend,1
2025-04-13,5270467.0,6,일,True,,False,Ordinary weekend,1
2025-04-14,9619532.0,0,월,False,,False,Ordinary weekday,0
2025-04-15,10448778.0,1,화,False,,False,Ordinary weekday,0
2025-04-16,10499326.0,2,수,False,,False,Ordinary weekday,0
2025-04-17,10469870.0,3,목,False,,False,Ordinary weekday,0
2025-04-18,10713302.0,4,금,False,,False,Ordinary weekday,0
2025-04-19,7217526.0,5,토,True,,False,Ordinary weekend,1
2025-04-20,5986341.0,6,일,True,,False,Ordinary weekend,1
2025-04-21,10045726.0,0,월,False,,False,Ordinary weekday,0
2025-04-22,9678098.0,1,화,False,,False,Ordinary weekday,0
2025-04-23,10517191.0,2,수,False,,False,Ordinary weekday,0
2025-04-24,10606219.0,3,목,False,,False,Ordinary weekday,0
2025-04-25,10990876.0,4,금,False,,False,Ordinary weekday,0
2025-04-26,8533736.0,5,토,True,,False,Ordinary weekend,1
2025-04-27,5915662.0,6,일,True,,False,Ordinary weekend,1
2025-04-28,10262414.0,0,월,False,,False,Ordinary weekday,0
2025-04-29,10510263.0,1,화,False,,False,Ordinary weekday,0
2025-04-30,10950186.0,2,수,False,,False,Ordinary weekday,0
2025-05-01,6743730.0,3,목,False,,False,Ordinary weekday,0
2025-05-02,10205409.0,4,금,False,,False,Ordinary weekday,0
2025-05-03,7113835.0,5,토,True,,False,Ordinary weekend,1
2025-05-04,6462100.0,6,일,True,,False,Ordinary weekend,1
2025-05-05,5943604.0,0,월,False,부처님오신날; 어린이날,True,Public holiday,2
2025-05-06,5717566.0,1,화,False,부처님오신날 대체 휴일; 어린이날 대체 휴일,True,Public holiday,2
2025-05-07,10271169.0,2,수,False,,False,Ordinary weekday,0
2025-05-08,10348660.0,3,목,False,,False,Ordinary weekday,0
2025-05-09,10433374.0,4,금,False,,False,Ordinary weekday,0
2025-05-10,7247303.0,5,토,True,,False,Ordinary weekend,1
2025-05-11,5984713.0,6,일,True,,False,Ordinary weekend,1
2025-05-12,10286533.0,0,월,False,,False,Ordinary weekday,0
2025-05-13,10509392.0,1,화,False,,False,Ordinary weekday,0
2025-05-14,10676798.0,2,수,False,,False,Ordinary weekday,0
2025-05-15,10473603.0,3,목,False,,False,Ordinary weekday,0
2025-05-16,10627338.0,4,금,False,,False,Ordinary weekday,0
2025-05-17,8120114.0,5,토,True,,False,Ordinary weekend,1
2025-05-18,6119738.0,6,일,True,,False,Ordinary weekend,1
2025-05-19,10018960.0,0,월,False,,False,Ordinary weekday,0
2025-05-20,10361978.0,1,화,False,,False,Ordinary weekday,0
2025-05-21,10490800.0,2,수,False,,False,Ordinary weekday,0
2025-05-22,10511524.0,3,목,False,,False,Ordinary weekday,0
2025-05-23,10897268.0,4,금,False,,False,Ordinary weekday,0
2025-05-24,8027408.0,5,토,True,,False,Ordinary weekend,1
2025-05-25,6106780.0,6,일,True,,False,Ordinary weekend,1
2025-05-26,10147512.0,0,월,False,,False,Ordinary weekday,0
2025-05-27,10421769.0,1,화,False,,False,Ordinary weekday,0
2025-05-28,10493852.0,2,수,False,,False,Ordinary weekday,0
2025-05-29,10503545.0,3,목,False,,False,Ordinary weekday,0
2025-05-30,10789596.0,4,금,False,,False,Ordinary weekday,0
2025-05-31,7835625.0,5,토,True,,False,Ordinary weekend,1
2025-06-01,5677601.0,6,일,True,,False,Ordinary weekend,1
2025-06-02,9914022.0,0,월,False,,False,Ordinary weekday,0
2025-06-03,5878064.0,1,화,False,대통령 선거일; 제21대 대통령선거일,True,Public holiday,2
2025-06-04,10162434.0,2,수,False,,False,Ordinary weekday,0
2025-06-05,10581665.0,3,목,False,,False,Ordinary weekday,0
2025-06-06,6608893.0,4,금,False,현충일,True,Public holiday,2
2025-06-07,6898221.0,5,토,True,,False,Ordinary weekend,1
2025-06-08,5231008.0,6,일,True,,False,Ordinary weekend,1
2025-06-09,9865001.0,0,월,False,,False,Ordinary weekday,0
2025-06-10,10243070.0,1,화,False,,False,Ordinary weekday,0
2025-06-11,10326366.0,2,수,False,,False,Ordinary weekday,0
2025-06-12,10439078.0,3,목,False,,False,Ordinary weekday,0
2025-06-13,10708210.0,4,금,False,,False,Ordinary weekday,0
2025-06-14,7859790.0,5,토,True,,False,Ordinary weekend,1
2025-06-15,5435462.0,6,일,True,,False,Ordinary weekend,1
2025-06-16,9763765.0,0,월,False,,False,Ordinary weekday,0
2025-06-17,10233618.0,1,화,False,,False,Ordinary weekday,0
2025-06-18,10313942.0,2,수,False,,False,Ordinary weekday,0
2025-06-19,10350878.0,3,목,False,,False,Ordinary weekday,0
2025-06-20,9952002.0,4,금,False,,False,Ordinary weekday,0
2025-06-21,7490243.0,5,토,True,,False,Ordinary weekend,1
2025-06-22,5661604.0,6,일,True,,False,Ordinary weekend,1
2025-06-23,9993688.0,0,월,False,,False,Ordinary weekday,0
2025-06-24,10116329.0,1,화,False,,False,Ordinary weekday,0
2025-06-25,10081021.0,2,수,False,,False,Ordinary weekday,0
2025-06-26,10301672.0,3,목,False,,False,Ordinary weekday,0
2025-06-27,10593642.0,4,금,False,,False,Ordinary weekday,0
2025-06-28,7332468.0,5,토,True,,False,Ordinary weekend,1
2025-06-29,5377092.0,6,일,True,,False,Ordinary weekend,1
2025-06-30,9682771.0,0,월,False,,False,Ordinary weekday,0
2025-07-01,9765562.0,1,화,False,,False,Ordinary weekday,0
2025-07-02,10036535.0,2,수,False,,False,Ordinary weekday,0
2025-07-03,10053517.0,3,목,False,,False,Ordinary weekday,0
2025-07-04,10425415.0,4,금,False,,False,Ordinary weekday,0
2025-07-05,7429873.0,5,토,True,,False,Ordinary weekend,1
2025-07-06,5420026.0,6,일,True,,False,Ordinary weekend,1
2025-07-07,9685105.0,0,월,False,,False,Ordinary weekday,0
2025-07-08,9778970.0,1,화,False,,False,Ordinary weekday,0
2025-07-09,9852156.0,2,수,False,,False,Ordinary weekday,0
2025-07-10,9943636.0,3,목,False,,False,Ordinary weekday,0
2025-07-11,10314162.0,4,금,False,,False,Ordinary weekday,0
2025-07-12,7288513.0,5,토,True,,False,Ordinary weekend,1
2025-07-13,5213809.0,6,일,True,,False,Ordinary weekend,1
2025-07-14,9556183.0,0,월,False,,False,Ordinary weekday,0
2025-07-15,9817955.0,1,화,False,,False,Ordinary weekday,0
2025-07-16,9734148.0,2,수,False,,False,Ordinary weekday,0
2025-07-17,9399324.0,3,목,False,,False,Ordinary weekday,0
2025-07-18,10115099.0,4,금,False,,False,Ordinary weekday,0
2025-07-19,6994341.0,5,토,True,,False,Ordinary weekend,1
2025-07-20,5487716.0,6,일,True,,False,Ordinary weekend,1
2025-07-21,9643390.0,0,월,False,,False,Ordinary weekday,0
2025-07-22,9855569.0,1,화,False,,False,Ordinary weekday,0
2025-07-23,9924819.0,2,수,False,,False,Ordinary weekday,0
2025-07-24,9953555.0,3,목,False,,False,Ordinary weekday,0
2025-07-25,10142566.0,4,금,False,,False,Ordinary weekday,0
2025-07-26,6892470.0,5,토,True,,False,Ordinary weekend,1
2025-07-27,5102371.0,6,일,True,,False,Ordinary weekend,1
2025-07-28,9218775.0,0,월,False,,False,Ordinary weekday,0
2025-07-29,9403295.0,1,화,False,,False,Ordinary weekday,0
2025-07-30,9540463.0,2,수,False,,False,Ordinary weekday,0
2025-07-31,9521498.0,3,목,False,,False,Ordinary weekday,0
2025-08-01,9459477.0,4,금,False,,False,Ordinary weekday,0
2025-08-02,6429873.0,5,토,True,,False,Ordinary weekend,1
2025-08-03,4898051.0,6,일,True,,False,Ordinary weekend,1
2025-08-04,8894337.0,0,월,False,,False,Ordinary weekday,0
2025-08-05,9327022.0,1,화,False,,False,Ordinary weekday,0
2025-08-06,9100740.0,2,수,False,,False,Ordinary weekday,0
2025-08-07,9665463.0,3,목,False,,False,Ordinary weekday,0
2025-08-08,9956891.0,4,금,False,,False,Ordinary weekday,0
2025-08-09,6894294.0,5,토,True,,False,Ordinary weekend,1
2025-08-10,5347522.0,6,일,True,,False,Ordinary weekend,1
2025-08-11,9466293.0,0,월,False,,False,Ordinary weekday,0
2025-08-12,9816049.0,1,화,False,,False,Ordinary weekday,0
2025-08-13,9241090.0,2,수,False,,False,Ordinary weekday,0
2025-08-14,9658511.0,3,목,False,,False,Ordinary weekday,0
2025-08-15,6315626.0,4,금,False,광복절,True,Public holiday,2
2025-08-16,6585758.0,5,토,True,,False,Ordinary weekend,1
2025-08-17,5007315.0,6,일,True,,False,Ordinary weekend,1
2025-08-18,9304241.0,0,월,False,,False,Ordinary weekday,0
2025-08-19,9656158.0,1,화,False,,False,Ordinary weekday,0
2025-08-20,9800443.0,2,수,False,,False,Ordinary weekday,0
2025-08-21,9918634.0,3,목,False,,False,Ordinary weekday,0
2025-08-22,10191264.0,4,금,False,,False,Ordinary weekday,0
2025-08-23,7270251.0,5,토,True,,False,Ordinary weekend,1
2025-08-24,5307781.0,6,일,True,,False,Ordinary weekend,1
2025-08-25,9443211.0,0,월,False,,False,Ordinary weekday,0
2025-08-26,9703585.0,1,화,False,,False,Ordinary weekday,0
2025-08-27,9964600.0,2,수,False,,False,Ordinary weekday,0
2025-08-28,9993216.0,3,목,False,,False,Ordinary weekday,0
2025-08-29,10212433.0,4,금,False,,False,Ordinary weekday,0
2025-08-30,7259841.0,5,토,True,,False,Ordinary weekend,1
2025-08-31,5328381.0,6,일,True,,False,Ordinary weekend,1
2025-09-01,9579551.0,0,월,False,,False,Ordinary weekday,0
2025-09-02,10096187.0,1,화,False,,False,Ordinary weekday,0
2025-09-03,10172842.0,2,수,False,,False,Ordinary weekday,0
2025-09-04,10123744.0,3,목,False,,False,Ordinary weekday,0
2025-09-05,10525177.0,4,금,False,,False,Ordinary weekday,0
2025-09-06,7165164.0,5,토,True,,False,Ordinary weekend,1
2025-09-07,5635277.0,6,일,True,,False,Ordinary weekend,1
2025-09-08,9824414.0,0,월,False,,False,Ordinary weekday,0
2025-09-09,10174298.0,1,화,False,,False,Ordinary weekday,0
2025-09-10,10354033.0,2,수,False,,False,Ordinary weekday,0
2025-09-11,10410100.0,3,목,False,,False,Ordinary weekday,0
2025-09-12,10656210.0,4,금,False,,False,Ordinary weekday,0
2025-09-13,7727495.0,5,토,True,,False,Ordinary weekend,1
2025-09-14,6092527.0,6,일,True,,False,Ordinary weekend,1
2025-09-15,10025627.0,0,월,False,,False,Ordinary weekday,0
2025-09-16,10059760.0,1,화,False,,False,Ordinary weekday,0
2025-09-17,9924949.0,2,수,False,,False,Ordinary weekday,0
2025-09-18,10497423.0,3,목,False,,False,Ordinary weekday,0
2025-09-19,10718019.0,4,금,False,,False,Ordinary weekday,0
2025-09-20,8020430.0,5,토,True,,False,Ordinary weekend,1
2025-09-21,6020074.0,6,일,True,,False,Ordinary weekend,1
2025-09-22,10085263.0,0,월,False,,False,Ordinary weekday,0
2025-09-23,10395430.0,1,화,False,,False,Ordinary weekday,0
2025-09-24,10130159.0,2,수,False,,False,Ordinary weekday,0
2025-09-25,10638389.0,3,목,False,,False,Ordinary weekday,0
2025-09-26,11022344.0,4,금,False,,False,Ordinary weekday,0
2025-09-27,8719811.0,5,토,True,,False,Ordinary weekend,1
2025-09-28,5336748.0,6,일,True,,False,Ordinary weekend,1
2025-09-29,10166966.0,0,월,False,,False,Ordinary weekday,0
2025-09-30,10374857.0,1,화,False,,False,Ordinary weekday,0
2025-10-01,10354149.0,2,수,False,,False,Ordinary weekday,0
2025-10-02,10517925.0,3,목,False,,False,Ordinary weekday,0
2025-10-03,6180335.0,4,금,False,개천절,True,Public holiday,2
2025-10-04,5757722.0,5,토,True,,False,Ordinary weekend,1
2025-10-05,4050176.0,6,일,True,추석 전날,True,Public holiday,2
2025-10-06,3129746.0,0,월,False,추석,True,Public holiday,2
2025-10-07,4150106.0,1,화,False,추석 다음날,True,Public holiday,2
2025-10-08,5691606.0,2,수,False,추석 대체 휴일,True,Public holiday,2
2025-10-09,5460124.0,3,목,False,한글날,True,Public holiday,2
2025-10-10,8520061.0,4,금,False,,False,Ordinary weekday,0
2025-10-11,6523259.0,5,토,True,,False,Ordinary weekend,1
2025-10-12,5164823.0,6,일,True,,False,Ordinary weekend,1
2025-10-13,9642410.0,0,월,False,,False,Ordinary weekday,0
2025-10-14,10144812.0,1,화,False,,False,Ordinary weekday,0
2025-10-15,10316683.0,2,수,False,,False,Ordinary weekday,0
2025-10-16,10400406.0,3,목,False,,False,Ordinary weekday,0
2025-10-17,10790257.0,4,금,False,,False,Ordinary weekday,0
2025-10-18,7917964.0,5,토,True,,False,Ordinary weekend,1
2025-10-19,6038555.0,6,일,True,,False,Ordinary weekend,1
2025-10-20,10100794.0,0,월,False,,False,Ordinary weekday,0
2025-10-21,10401387.0,1,화,False,,False,Ordinary weekday,0
2025-10-22,10477379.0,2,수,False,,False,Ordinary weekday,0
2025-10-23,10524510.0,3,목,False,,False,Ordinary weekday,0
2025-10-24,11001909.0,4,금,False,,False,Ordinary weekday,0
2025-10-25,8433052.0,5,토,True,,False,Ordinary weekend,1
2025-10-26,6040353.0,6,일,True,,False,Ordinary weekend,1
2025-10-27,10266211.0,0,월,False,,False,Ordinary weekday,0
2025-10-28,10428109.0,1,화,False,,False,Ordinary weekday,0
2025-10-29,10601951.0,2,수,False,,False,Ordinary weekday,0
2025-10-30,10593204.0,3,목,False,,False,Ordinary weekday,0
2025-10-31,10994317.0,4,금,False,,False,Ordinary weekday,0
2025-11-01,8342979.0,5,토,True,,False,Ordinary weekend,1
2025-11-02,6239684.0,6,일,True,,False,Ordinary weekend,1
2025-11-03,10033907.0,0,월,False,,False,Ordinary weekday,0
2025-11-04,10334301.0,1,화,False,,False,Ordinary weekday,0
2025-11-05,10444649.0,2,수,False,,False,Ordinary weekday,0
2025-11-06,10470019.0,3,목,False,,False,Ordinary weekday,0
2025-11-07,10791762.0,4,금,False,,False,Ordinary weekday,0
2025-11-08,8215818.0,5,토,True,,False,Ordinary weekend,1
2025-11-09,6036308.0,6,일,True,,False,Ordinary weekend,1
2025-11-10,10073085.0,0,월,False,,False,Ordinary weekday,0
2025-11-11,10409426.0,1,화,False,,False,Ordinary weekday,0
2025-11-12,10521994.0,2,수,False,,False,Ordinary weekday,0
2025-11-13,10427063.0,3,목,False,,False,Ordinary weekday,0
2025-11-14,10789297.0,4,금,False,,False,Ordinary weekday,0
2025-11-15,8314931.0,5,토,True,,False,Ordinary weekend,1
2025-11-16,6153026.0,6,일,True,,False,Ordinary weekend,1
2025-11-17,10034947.0,0,월,False,,False,Ordinary weekday,0
2025-11-18,10254386.0,1,화,False,,False,Ordinary weekday,0
2025-11-19,10387676.0,2,수,False,,False,Ordinary weekday,0
2025-11-20,10538519.0,3,목,False,,False,Ordinary weekday,0
2025-11-21,10796319.0,4,금,False,,False,Ordinary weekday,0
2025-11-22,8166838.0,5,토,True,,False,Ordinary weekend,1
2025-11-23,5920105.0,6,일,True,,False,Ordinary weekend,1
2025-11-24,10059315.0,0,월,False,,False,Ordinary weekday,0
2025-11-25,10227444.0,1,화,False,,False,Ordinary weekday,0
2025-11-26,10581543.0,2,수,False,,False,Ordinary weekday,0
2025-11-27,10278925.0,3,목,False,,False,Ordinary weekday,0
2025-11-28,10894206.0,4,금,False,,False,Ordinary weekday,0
2025-11-29,7929189.0,5,토,True,,False,Ordinary weekend,1
2025-11-30,5802231.0,6,일,True,,False,Ordinary weekend,1
2025-12-01,10018763.0,0,월,False,,False,Ordinary weekday,0
2025-12-02,10228600.0,1,화,False,,False,Ordinary weekday,0
2025-12-03,10124664.0,2,수,False,,False,Ordinary weekday,0
2025-12-04,10732706.0,3,목,False,,False,Ordinary weekday,0
2025-12-05,11088583.0,4,금,False,,False,Ordinary weekday,0
2025-12-06,7996827.0,5,토,True,,False,Ordinary weekend,1
2025-12-07,5778474.0,6,일,True,,False,Ordinary weekend,1
2025-12-08,10064111.0,0,월,False,,False,Ordinary weekday,0
2025-12-09,10397028.0,1,화,False,,False,Ordinary weekday,0
2025-12-10,10553824.0,2,수,False,,False,Ordinary weekday,0
2025-12-11,10517501.0,3,목,False,,False,Ordinary weekday,0
2025-12-12,11008711.0,4,금,False,,False,Ordinary weekday,0
2025-12-13,8271530.0,5,토,True,,False,Ordinary weekend,1
2025-12-14,5950308.0,6,일,True,,False,Ordinary weekend,1
2025-12-15,10162181.0,0,월,False,,False,Ordinary weekday,0
2025-12-16,10379936.0,1,화,False,,False,Ordinary weekday,0
2025-12-17,10734698.0,2,수,False,,False,Ordinary weekday,0
2025-12-18,10830479.0,3,목,False,,False,Ordinary weekday,0
2025-12-19,11349481.0,4,금,False,,False,Ordinary weekday,0
2025-12-20,8472903.0,5,토,True,,False,Ordinary weekend,1
2025-12-21,6280543.0,6,일,True,,False,Ordinary weekend,1
2025-12-22,10419752.0,0,월,False,,False,Ordinary weekday,0
2025-12-23,10564914.0,1,화,False,,False,Ordinary weekday,0
2025-12-24,10989300.0,2,수,False,,False,Ordinary weekday,0
2025-12-25,6831450.0,3,목,False,기독탄신일,True,Public holiday,2
2025-12-26,9339846.0,4,금,False,,False,Ordinary weekday,0
2025-12-27,7550644.0,5,토,True,,False,Ordinary weekend,1
2025-12-28,5750901.0,6,일,True,,False,Ordinary weekend,1
2025-12-29,10044840.0,0,월,False,,False,Ordinary weekday,0
2025-12-30,10190175.0,1,화,False,,False,Ordinary weekday,0
2025-12-31,10040007.0,2,수,False,,False,Ordinary weekday,0
