station_name,all_day_boarding,all_day_alighting,morning_boarding,morning_alighting,evening_boarding,evening_alighting,calculated_weekday_average,morning_net_inflow,evening_net_outflow,employment_flow,residential_flow,peak_direction_total,orientation_score,peak_concentration,lines,weekday_average,weekend_average,relative_weekend_index,station_type,weekday_average_difference,commute_pattern,orientation_rank,weekday_volume_rank
가산디지털단지,50789.5,50916.37704918033,3060.389344262295,34641.32786885246,29050.975409836065,3684.1106557377047,101705.87704918033,31580.938524590165,25366.86475409836,63692.30327868852,6744.5,70436.80327868852,0.8084950001687364,0.6925539145061252,7호선,101706,25232,0.383,Weekday-oriented,-0.1229508196702227,업무 유입형,1,19
시청,61126.60655737705,59877.32377049181,2219.3319672131147,35555.19672131148,29354.676229508197,4892.102459016393,121003.93032786885,33335.864754098366,24462.573770491803,64909.87295081967,7111.434426229508,72021.30737704918,0.8025185966425351,0.5951980830862458,"1호선, 2호선",121004,59902,0.763,Weekday-oriented,-0.06967213115422055,업무 유입형,2,11
학동,26522.0368852459,27398.877049180326,1283.0409836065573,16332.274590163934,13976.86475409836,2102.2991803278687,53920.91393442622,15049.233606557376,11874.565573770491,30309.139344262294,3385.340163934426,33694.47950819672,0.79905668742496,0.6248870252676525,7호선,53921,19540,0.559,Weekday-oriented,-0.08606557377788704,업무 유입형,3,56
역삼,59360.651639344265,67106.65573770492,2763.75,38421.598360655735,29917.90163934426,6053.036885245901,126467.30737704918,35657.848360655735,23864.86475409836,68339.5,8816.786885245901,77156.2868852459,0.77145642328903,0.6100887927914241,2호선,126467,35162,0.429,Weekday-oriented,0.30737704917555675,업무 유입형,4,8
종각,44838.67213114754,44057.62704918033,1149.438524590164,24391.885245901638,20446.77049180328,4718.36475409836,88896.29918032787,23242.446721311473,15728.40573770492,44838.65573770492,5867.803278688524,50706.45901639344,0.7685579552383471,0.5704001120849183,1호선,88896,44225,0.767,Weekday-oriented,0.29918032787099946,업무 유입형,5,23
회현(남대문시장),31091.47950819672,32430.909836065573,1071.8237704918033,13487.79918032787,12377.963114754099,2400.139344262295,63522.389344262294,12415.975409836066,9977.823770491803,25865.762295081968,3471.963114754098,29337.725409836065,0.7633106816392758,0.4618485814637578,4호선,63522,38906,0.945,Balanced,0.3893442622938892,업무 유입형,6,42
여의도,33484.55737704918,35425.40573770492,1591.4262295081967,21359.881147540982,17497.012295081968,3676.0450819672133,68909.9631147541,19768.454918032785,13820.967213114754,38856.89344262295,5267.47131147541,44124.364754098366,0.7612443220052858,0.6403190882662225,5호선,68910,27170,0.608,Weekday-oriented,-0.036885245906887576,업무 유입형,7,38
삼성(무역센터),61445.266393442624,62279.61885245902,2278.3524590163934,32194.024590163935,28728.024590163935,6193.799180327869,123724.88524590165,29915.67213114754,22534.225409836065,60922.04918032787,8472.151639344262,69394.20081967213,0.755825370440968,0.5608750469378252,2호선,123725,66956,0.835,Balanced,-0.1147540983511135,업무 유입형,8,10
광화문(세종문화회관),37826.598360655735,39965.35655737705,1370.6680327868853,22425.024590163935,18115.639344262294,4473.2213114754095,77791.95491803277,21054.35655737705,13642.418032786885,40540.66393442623,5843.889344262295,46384.55327868852,0.7480243343446284,0.5962641423211775,5호선,77792,45870,0.909,Balanced,-0.04508196722599678,업무 유입형,9,30
안국,29518.590163934427,30280.43442622951,1204.0983606557377,13143.22950819672,12018.786885245901,2778.5778688524592,59799.024590163935,11939.131147540982,9240.209016393443,25162.016393442624,3982.676229508197,29144.69262295082,0.7266962955463168,0.48737739156609416,3호선,59799,46439,1.198,Balanced,0.02459016393549973,업무 유입형,10,48
강남구청,18417.57786885246,20431.168032786885,1118.545081967213,10601.16393442623,8286.061475409835,2128.9180327868853,38848.74590163934,9482.618852459016,6157.14344262295,18887.225409836065,3247.4631147540986,22134.688524590165,0.7065725039549227,0.5697658447104755,7호선,38849,18079,0.718,Weekday-oriented,-0.2540983606595546,업무 유입형,11,94
청담,20964.196721311477,22726.245901639344,1628.0409836065573,12285.913934426231,9626.532786885247,2172.7622950819673,43690.442622950824,10657.872950819674,7453.77049180328,21912.446721311477,3800.8032786885246,25713.25,0.7043700598960829,0.5885326047599411,7호선,43690,19618,0.693,Weekday-oriented,0.44262295082444325,업무 유입형,12,82
선릉,66973.15573770492,58931.14344262295,3979.389344262295,28888.594262295082,29217.56557377049,6441.905737704918,125904.29918032787,24909.20491803279,22775.659836065573,58106.15983606558,10421.295081967211,68527.45491803279,0.6958505143834,0.5442820885717616,2호선,125904,44395,0.544,Weekday-oriented,0.29918032787099946,업무 유입형,13,9
을지로입구,55572.475409836065,57561.42213114754,2208.077868852459,28563.733606557376,24690.438524590165,7406.635245901639,113133.8975409836,26355.655737704918,17283.803278688527,53254.17213114754,9614.713114754097,62868.885245901634,0.6941344489520477,0.5557033445535359,2호선,113134,66682,0.909,Balanced,-0.10245901640155353,업무 유입형,14,13
을지로4가,24159.549180327867,23903.340163934427,1741.9139344262294,10501.168032786885,10337.381147540984,2783.110655737705,48062.889344262294,8759.254098360656,7554.270491803279,20838.54918032787,4525.024590163935,25363.573770491806,0.6431871445948688,0.5277163757014056,"2호선, 5호선",48063,25182,0.808,Balanced,-0.11065573770611081,업무 유입형,15,70
을지로3가,42618.25,42527.97131147541,2370.6926229508194,21250.213114754097,18896.11475409836,6366.262295081968,85146.22131147541,18879.520491803276,12529.85245901639,40146.32786885246,8736.954918032787,48883.28278688525,0.6425381267406697,0.5741098316983927,"2호선, 3호선",85146,46160,0.836,Balanced,0.22131147541222163,업무 유입형,16,25
서대문,23365.67213114754,23577.04508196721,2637.1393442622953,13328.397540983606,10167.536885245901,2636.9877049180327,46942.71721311475,10691.25819672131,7530.549180327869,23495.934426229505,5274.127049180328,28770.061475409835,0.6333600431345482,0.6128759301426232,5호선,46943,15583,0.512,Weekday-oriented,-0.282786885247333,업무 유입형,17,75
논현,21553.778688524588,22310.094262295082,1406.9795081967213,10578.786885245901,9523.684426229507,3286.2008196721313,43863.87295081967,9171.80737704918,6237.483606557376,20102.47131147541,4693.180327868853,24795.65163934426,0.6214513418617323,0.5652864184415551,7호선,43864,19826,0.697,Weekday-oriented,-0.1270491803297773,업무 유입형,18,81
충무로,36032.42622950819,36847.561475409835,2338.7950819672133,15889.036885245901,14661.803278688525,5008.008196721312,72879.98770491802,13550.241803278688,9653.795081967213,30550.840163934427,7346.803278688525,37897.64344262295,0.612281787926387,0.5200006838100163,4호선,72880,35551,0.752,Weekday-oriented,-0.012295081978663802,업무 유입형,19,35
성수,53964.74590163935,58123.09016393443,3011.1639344262294,22596.680327868853,24309.204918032785,8340.64344262295,112087.83606557378,19585.516393442624,15968.561475409835,46905.885245901634,11351.80737704918,58257.69262295081,0.6102898393000518,0.5197503553273062,2호선,112088,85527,1.177,Balanced,-0.16393442622211296,업무 유입형,20,14
