station_name,cluster_id,distance_to_centroid,silhouette_sample,pc1,pc2,lines,weekday_average,relative_weekend_index,station_type,orientation_score,peak_concentration,commute_pattern,cluster_name
가락시장,0,0.05420643206094446,0.10179292539908426,0.029886031199772452,-0.0015852925570437252,"3호선, 8호선",40435,0.882,Balanced,0.078,0.495,혼합형,군집 0: 업무 유입 중심
가산디지털단지,0,0.13395794922226595,0.4291534952827148,0.1881662153514675,0.07481992306159607,7호선,101706,0.383,Weekday-oriented,0.808,0.693,업무 유입형,군집 0: 업무 유입 중심
강남,0,0.045291239044868155,0.5090496569694906,0.09833931007158145,-0.02102074012824377,2호선,180657,0.854,Balanced,0.497,0.512,업무 유입형,군집 0: 업무 유입 중심
강남구청,0,0.0802441687579925,0.507181852899966,0.14314898201149062,0.01284847964055983,7호선,38849,0.718,Weekday-oriented,0.707,0.57,업무 유입형,군집 0: 업무 유입 중심
강동,1,0.03600461029609444,0.521305063907496,-0.016386417514899387,0.015593987477630127,5호선,41583,0.926,Balanced,-0.149,0.531,혼합형,군집 1: 주거 유출·귀가 중심
강동구청,1,0.041300598591465544,0.475451694621346,-0.011564361073788864,0.015068039024836844,8호선,24472,0.803,Balanced,-0.151,0.532,주거 유출·귀가형,군집 1: 주거 유출·귀가 중심
강변(동서울터미널),1,0.03041037519582007,0.6321031621131579,-0.04536226589320087,-0.014483533169714128,2호선,55421,1.357,Weekend-relative-strong,-0.382,0.482,주거 유출·귀가형,군집 1: 주거 유출·귀가 중심
강일,1,0.04342390738454879,0.6632205295324283,-0.07888368754642339,0.01798476179751646,5호선,13259,0.906,Balanced,-0.513,0.523,주거 유출·귀가형,군집 1: 주거 유출·귀가 중심
개롱,1,0.020831777969643594,0.6484517951767834,-0.03850489544316124,0.003735069366597064,5호선,15187,0.895,Balanced,-0.307,0.504,주거 유출·귀가형,군집 1: 주거 유출·귀가 중심
개화산,1,0.022647652748804297,0.6560195112656598,-0.04395482124218387,0.01622251977785448,5호선,13440,0.907,Balanced,-0.312,0.518,주거 유출·귀가형,군집 1: 주거 유출·귀가 중심
거여,1,0.03237000481551535,0.6919642749523199,-0.07125868775525315,0.016642679256918022,5호선,22661,0.833,Balanced,-0.474,0.531,주거 유출·귀가형,군집 1: 주거 유출·귀가 중심
건대입구,1,0.06923702028917249,0.2463801856295603,0.002984266083082634,-0.037599561060538064,"2호선, 7호선",110226,1.302,Weekend-relative-strong,-0.124,0.452,혼합형,군집 1: 주거 유출·귀가 중심
경복궁(정부서울청사),0,0.03864188226729819,0.5597814596516858,0.11155140782151539,-0.00859037713515442,3호선,56923,1.307,Weekend-relative-strong,0.57,0.493,업무 유입형,군집 0: 업무 유입 중심
경찰병원,1,0.04966236686511563,0.40005893026911715,-0.006088535494521652,0.02192358348549146,3호선,17149,0.712,Weekday-oriented,-0.111,0.548,혼합형,군집 1: 주거 유출·귀가 중심
고덕,1,0.053751040263431575,0.3818289224101364,-0.008031046364615347,-0.020144677727084063,5호선,23513,0.833,Balanced,-0.12,0.459,혼합형,군집 1: 주거 유출·귀가 중심
고려대(종암),1,0.05853266149383957,0.25283628817381354,0.006727913106052501,-0.0029901943485098974,6호선,19836,0.909,Balanced,-0.04,0.495,혼합형,군집 1: 주거 유출·귀가 중심
고속터미널,0,0.07471172584547789,0.242892064706142,0.048187015926980374,-0.06407655173074246,"3호선, 7호선",130341,1.652,Weekend-relative-strong,0.231,0.401,업무 유입형,군집 0: 업무 유입 중심
공덕,0,0.029142722189528302,0.48466875579833707,0.07666035887450029,0.020707987639620104,"5호선, 6호선",77123,0.737,Weekday-oriented,0.329,0.568,업무 유입형,군집 0: 업무 유입 중심
공릉(서울과학기술대),1,0.022189652002975645,0.6280876169598342,-0.031711574674088444,-0.009704389714313687,7호선,27490,0.988,Balanced,-0.283,0.485,주거 유출·귀가형,군집 1: 주거 유출·귀가 중심
광나루(장신대),1,0.041272895551146264,0.4564182795496588,-0.008524472507620456,-0.001033332168141379,5호선,24426,1.119,Balanced,-0.143,0.492,혼합형,군집 1: 주거 유출·귀가 중심
광명사거리,1,0.024949172624880115,0.6990662283616805,-0.06558573648508,-0.006062045919448984,7호선,46677,1.047,Balanced,-0.487,0.494,주거 유출·귀가형,군집 1: 주거 유출·귀가 중심
광화문(세종문화회관),0,0.09982993651337069,0.49411512932789103,0.1672635233787169,0.0411617308510796,5호선,77792,0.909,Balanced,0.748,0.596,업무 유입형,군집 0: 업무 유입 중심
광흥창(서강),0,0.06293690550730034,-0.0627144385877341,0.02036568293581266,0.0113427649183036,6호선,21653,0.806,Balanced,0.046,0.528,혼합형,군집 0: 업무 유입 중심
교대(법원.검찰청),0,0.02483404051400876,0.5474968339183905,0.09329568924095018,-0.012824169297768301,"2호선, 3호선",108679,0.644,Weekday-oriented,0.461,0.503,업무 유입형,군집 0: 업무 유입 중심
구로디지털단지,0,0.07044473215600795,-0.0648648262612852,0.020677255232505368,0.0288176900566807,2호선,128137,0.799,Weekday-oriented,0.055,0.573,혼합형,군집 0: 업무 유입 중심
구산,1,0.04539635300715543,0.659462835831413,-0.08315919538401931,0.007339842647460282,6호선,16272,0.954,Balanced,-0.556,0.506,주거 유출·귀가형,군집 1: 주거 유출·귀가 중심
구의(광진구청),1,0.02834591837953117,0.6738720200752203,-0.05860744566660763,0.0030454240467447857,2호선,58046,0.959,Balanced,-0.443,0.519,주거 유출·귀가형,군집 1: 주거 유출·귀가 중심
구파발,1,0.024468284809008752,0.6950869147796521,-0.06317047886010574,-0.004497020756839013,3호선,47450,1.046,Balanced,-0.461,0.487,주거 유출·귀가형,군집 1: 주거 유출·귀가 중심
군자(능동),1,0.02677290373171553,0.6170201520195244,-0.03357579016478235,-0.0012652466902311561,"5호선, 7호선",57761,1.028,Balanced,-0.295,0.519,주거 유출·귀가형,군집 1: 주거 유출·귀가 중심
굽은다리(강동구민회관앞),1,0.01760062500847643,0.7085427500171263,-0.05951567844396964,-0.00522144403774915,5호선,21459,1.043,Balanced,-0.449,0.487,주거 유출·귀가형,군집 1: 주거 유출·귀가 중심
금호,1,0.03446032871877602,0.6920545122152575,-0.0767239674350238,-0.0004694796965789872,3호선,17397,0.984,Balanced,-0.541,0.508,주거 유출·귀가형,군집 1: 주거 유출·귀가 중심
길동,1,0.02798673454014762,0.5959310153778374,-0.027507564711115824,-0.011275781247142342,5호선,19945,1.007,Balanced,-0.267,0.479,주거 유출·귀가형,군집 1: 주거 유출·귀가 중심
길음,1,0.02292111662122894,0.7131971305963747,-0.06709250769329696,0.0035869489385052474,4호선,48074,0.928,Balanced,-0.478,0.506,주거 유출·귀가형,군집 1: 주거 유출·귀가 중심
김포공항,0,0.0747417713243695,0.14983266828612068,0.036894641729737124,-0.024604287820379673,5호선,21791,1.329,Weekend-relative-strong,0.173,0.449,업무 유입형,군집 0: 업무 유입 중심
까치산,1,0.060554759009917,0.6447467938404966,-0.10593718942699004,0.010552980841360882,5호선,59653,0.99,Balanced,-0.685,0.523,주거 유출·귀가형,군집 1: 주거 유출·귀가 중심
낙성대(강감찬),1,0.03097927904039454,0.6700396473064654,-0.06119742580817118,0.005366187916033358,2호선,60054,1.042,Balanced,-0.437,0.522,주거 유출·귀가형,군집 1: 주거 유출·귀가 중심
남구로,0,0.05785596451544924,0.40742477915582603,0.0782120589413734,0.05029027439521779,7호선,34669,0.731,Weekday-oriented,0.344,0.608,업무 유입형,군집 0: 업무 유입 중심
남부터미널(예술의전당),0,0.02059517714372199,0.5475215337233529,0.09132482166851856,0.00958251732861901,3호선,68306,0.987,Balanced,0.428,0.546,업무 유입형,군집 0: 업무 유입 중심
남성,1,0.03112918405252779,0.6956148071024002,-0.07241071154741396,0.00022359085174687167,7호선,24740,0.91,Balanced,-0.531,0.509,주거 유출·귀가형,군집 1: 주거 유출·귀가 중심
남위례,1,0.041378984647411195,0.47761281928953386,-0.012403313729481304,0.016458999351783847,8호선,17002,0.863,Balanced,-0.162,0.545,주거 유출·귀가형,군집 1: 주거 유출·귀가 중심
남태령,0,0.07995288025257201,0.25564142042697285,0.05852256861205595,0.022433131551978566,4호선,3054,0.939,Balanced,0.337,0.539,업무 유입형,군집 0: 업무 유입 중심
남한산성입구(성남법원.검찰청),1,0.027715625780558164,0.676853132072998,-0.058897886334038904,0.01647301381845405,8호선,28609,0.845,Balanced,-0.39,0.527,주거 유출·귀가형,군집 1: 주거 유출·귀가 중심
내방,0,0.02418989421857957,0.5030393555849456,0.0786806004114782,0.017856413606657236,7호선,33856,0.698,Weekday-oriented,0.344,0.556,업무 유입형,군집 0: 업무 유입 중심
노원,1,0.05130229947040728,0.4348785914528987,-0.01432996774717964,-0.0336504304395335,"4호선, 7호선",93595,1.073,Balanced,-0.222,0.445,주거 유출·귀가형,군집 1: 주거 유출·귀가 중심
녹번,1,0.05653750994116218,0.6543198108134881,-0.10031317140692726,0.019817214421974826,3호선,32708,0.882,Balanced,-0.63,0.539,주거 유출·귀가형,군집 1: 주거 유출·귀가 중심
녹사평(용산구청),0,0.04369010910928686,0.36077392502037076,0.056487709846025684,-0.020516748012100176,6호선,11143,1.478,Weekend-relative-strong,0.23,0.48,업무 유입형,군집 0: 업무 유입 중심
논현,0,0.061120659380366316,0.5363074533913478,0.12802782608152674,0.006966152586437464,7호선,43864,0.697,Weekday-oriented,0.621,0.565,업무 유입형,군집 0: 업무 유입 중심
단대오거리,1,0.02817475547756272,0.7011351348108074,-0.06889804078349036,0.015447732361865484,8호선,26544,0.889,Balanced,-0.452,0.534,주거 유출·귀가형,군집 1: 주거 유출·귀가 중심
답십리,1,0.030545598532897157,0.6349912713609472,-0.046079941672071204,0.0243852230216693,5호선,35663,0.858,Balanced,-0.317,0.559,주거 유출·귀가형,군집 1: 주거 유출·귀가 중심
당산,1,0.06054563476855969,0.3000792741937532,0.001902837837201136,0.020334256068226458,2호선,44923,0.868,Balanced,-0.082,0.549,혼합형,군집 1: 주거 유출·귀가 중심
대림(구로구청),1,0.0376361337364512,0.5494514226765863,-0.027013446873060468,-0.009672728500785596,"2호선, 7호선",71947,1.201,Weekend-relative-strong,-0.252,0.461,주거 유출·귀가형,군집 1: 주거 유출·귀가 중심
대청,1,0.039777743398675416,0.5008059713646298,-0.01658676192311586,0.012442746009704493,3호선,24045,0.784,Weekday-oriented,-0.145,0.523,혼합형,군집 1: 주거 유출·귀가 중심
대치,1,0.06698761589866613,0.2914504346121025,-0.0022607213034349445,-0.023022413453477275,3호선,27686,0.987,Balanced,-0.114,0.471,혼합형,군집 1: 주거 유출·귀가 중심
대흥(서강대앞),0,0.049254463875295085,0.19862951003914375,0.03633560186949188,-0.014021701277653094,6호선,22421,0.851,Balanced,0.117,0.488,혼합형,군집 0: 업무 유입 중심
도곡,0,0.05048113887209691,0.18883899998269754,0.0364495175760465,0.004045853020318796,3호선,13991,0.771,Weekday-oriented,0.163,0.527,업무 유입형,군집 0: 업무 유입 중심
도림천,0,0.0710468100233773,-0.08722235733536793,0.01825947508142282,0.014894611284727261,2호선,3146,0.895,Balanced,0.048,0.525,혼합형,군집 0: 업무 유입 중심
도봉산,1,0.058605110135153876,0.6206404603807685,-0.08945437878636432,0.014622641657667036,7호선,21323,1.052,Balanced,-0.58,0.518,주거 유출·귀가형,군집 1: 주거 유출·귀가 중심
독립문,1,0.06994454544469449,0.16640650963111742,0.010329150700081488,-0.016156246456890705,3호선,17364,1.199,Balanced,-0.008,0.455,혼합형,군집 1: 주거 유출·귀가 중심
독바위,1,0.053420704566521836,0.660445697021722,-0.09731724463798276,0.010374396286990063,6호선,6201,1.012,Balanced,-0.635,0.515,주거 유출·귀가형,군집 1: 주거 유출·귀가 중심
돌곶이,1,0.030409718495967436,0.70175437621671,-0.07240768660188703,0.01297798956030691,6호선,24444,0.877,Balanced,-0.486,0.523,주거 유출·귀가형,군집 1: 주거 유출·귀가 중심
동대문,0,0.06887392366464043,0.3274082040946788,0.061439212146520136,-0.055731101146611776,"1호선, 4호선",66616,1.208,Weekend-relative-strong,0.392,0.385,업무 유입형,군집 0: 업무 유입 중심
동대문역사문화공원(DDP),0,0.031394627931643215,0.49294527677891975,0.07981998646238768,-0.025787918757613378,"2호선, 4호선, 5호선",82855,1.247,Weekend-relative-strong,0.432,0.458,업무 유입형,군집 0: 업무 유입 중심
동대입구,0,0.043076101774447526,0.5195545610514212,0.1003307891826737,-0.025080434479474698,3호선,25303,1.201,Weekend-relative-strong,0.497,0.464,업무 유입형,군집 0: 업무 유입 중심
동묘앞,0,0.08429306556181461,0.051635344366433196,0.025627346924518842,-0.051299099146631895,"1호선, 6호선",37487,1.851,Weekend-relative-strong,0.097,0.382,혼합형,군집 0: 업무 유입 중심
동작(현충원),0,0.08681935643651113,0.22025052772605483,0.05241137982950388,-0.03700301203838332,4호선,5086,1.14,Balanced,0.266,0.423,업무 유입형,군집 0: 업무 유입 중심
둔촌동,1,0.013278754541543787,0.6863007635498979,-0.046195767559279684,0.000315036095613066,5호선,28009,0.97,Balanced,-0.363,0.516,주거 유출·귀가형,군집 1: 주거 유출·귀가 중심
디지털미디어시티,1,0.069265601266315,0.25723779030679417,0.0029026637999674493,0.04610390522737574,6호선,35140,0.724,Weekday-oriented,-0.037,0.605,혼합형,군집 1: 주거 유출·귀가 중심
뚝섬,0,0.0491674290562049,0.548460395960825,0.11688284198220046,0.015055709025553591,2호선,57177,0.944,Balanced,0.547,0.568,업무 유입형,군집 0: 업무 유입 중심
마곡,0,0.024359253434550362,0.46967447624422526,0.07001209907513788,0.016268150764312077,5호선,31837,0.748,Weekday-oriented,0.306,0.553,업무 유입형,군집 0: 업무 유입 중심
마들,1,0.056742372479729714,0.6501370584066063,-0.09972685693864376,0.010379007806169589,7호선,29378,0.895,Balanced,-0.652,0.507,주거 유출·귀가형,군집 1: 주거 유출·귀가 중심
마장,1,0.03716257220822424,0.5070031625973169,-0.014878946464763823,-0.002637805103700494,5호선,12944,0.925,Balanced,-0.175,0.492,주거 유출·귀가형,군집 1: 주거 유출·귀가 중심
마천,1,0.06617396684302422,0.599502050935564,-0.09404559162783332,0.03013698628441441,5호선,15417,0.916,Balanced,-0.583,0.534,주거 유출·귀가형,군집 1: 주거 유출·귀가 중심
마포,0,0.04704052729253276,0.289980038301769,0.04795988675430597,0.022473857516336227,5호선,33968,0.73,Weekday-oriented,0.153,0.562,업무 유입형,군집 0: 업무 유입 중심
마포구청,1,0.028461178377893383,0.5904890834014228,-0.02630539695334964,0.010680165101686855,6호선,31531,0.931,Balanced,-0.234,0.52,주거 유출·귀가형,군집 1: 주거 유출·귀가 중심
망원,1,0.06647113990070623,0.2392853209773176,0.004698505945810749,-0.035103198187935065,6호선,34873,1.366,Weekend-relative-strong,-0.097,0.455,혼합형,군집 1: 주거 유출·귀가 중심
매봉,0,0.039986981541569294,0.4991485387553591,0.08910616896162861,0.032081199333689456,3호선,28975,0.655,Weekday-oriented,0.389,0.566,업무 유입형,군집 0: 업무 유입 중심
먹골,1,0.01934351368551741,0.7100287518349306,-0.06133298753311527,-0.004303126166168292,7호선,22514,0.997,Balanced,-0.462,0.494,주거 유출·귀가형,군집 1: 주거 유출·귀가 중심
면목,1,0.02461548462043848,0.7085094406588304,-0.06714768405471014,0.005732508983764732,7호선,32756,0.916,Balanced,-0.479,0.506,주거 유출·귀가형,군집 1: 주거 유출·귀가 중심
명동,0,0.04701520595341772,0.47528221345117067,0.0865245476180579,-0.042370258189972955,4호선,77421,1.429,Weekend-relative-strong,0.464,0.434,업무 유입형,군집 0: 업무 유입 중심
명일,1,0.024090611201499246,0.695846414210779,-0.06253069672953425,-0.004309463387248771,5호선,18328,1.011,Balanced,-0.464,0.489,주거 유출·귀가형,군집 1: 주거 유출·귀가 중심
모란,0,0.07862678588411147,-0.07323968867099101,0.016501486859024084,-0.02802251862179689,8호선,10226,1.201,Weekend-relative-strong,0.026,0.425,혼합형,군집 0: 업무 유입 중심
목동,1,0.02961976620170395,0.676517029272605,-0.06300558418609194,-0.0007759904506533435,5호선,38915,0.853,Balanced,-0.464,0.524,주거 유출·귀가형,군집 1: 주거 유출·귀가 중심
몽촌토성(평화의문),0,0.04937310119261977,0.18930840629140847,0.03663378136585219,0.012187556135704625,8호선,16648,1.027,Balanced,0.111,0.532,혼합형,군집 0: 업무 유입 중심
무악재,1,0.03257763273810353,0.7037562395653142,-0.07735430382008346,0.005700078038395425,3호선,9459,0.947,Balanced,-0.532,0.516,주거 유출·귀가형,군집 1: 주거 유출·귀가 중심
문래,0,0.051845612135872854,0.40712472029511654,0.07281404413280212,0.04240313128450064,2호선,53667,0.783,Weekday-oriented,0.28,0.602,업무 유입형,군집 0: 업무 유입 중심
문정,0,0.08214714779264752,0.47793683169002427,0.12904939726386525,0.06189192039573719,8호선,53827,0.523,Weekday-oriented,0.55,0.643,업무 유입형,군집 0: 업무 유입 중심
미사,1,0.02702439886862177,0.6738955550739852,-0.058181572244097084,-0.00047166677138201147,5호선,39930,1.037,Balanced,-0.436,0.512,주거 유출·귀가형,군집 1: 주거 유출·귀가 중심
미아(서울사이버대학),1,0.027923886730842184,0.593738737326727,-0.027130114164367426,-0.0044322053873927895,4호선,34873,0.968,Balanced,-0.251,0.479,주거 유출·귀가형,군집 1: 주거 유출·귀가 중심
미아사거리,1,0.019408821822335193,0.6937319093001467,-0.05553054404487293,-0.012804668882487399,4호선,56431,1.075,Balanced,-0.439,0.48,주거 유출·귀가형,군집 1: 주거 유출·귀가 중심
반포,0,0.059067774401658425,0.2488892089786956,0.04454373018633093,-0.028791994149706398,7호선,14516,0.99,Balanced,0.208,0.453,업무 유입형,군집 0: 업무 유입 중심
발산,0,0.02074019586278791,0.526540794865758,0.08432942978696004,0.010741473230616208,5호선,52993,0.873,Balanced,0.383,0.536,업무 유입형,군집 0: 업무 유입 중심
방배,0,0.022678659768458766,0.4513950274662625,0.06385889018192524,-0.0073017961586328535,2호선,40077,0.715,Weekday-oriented,0.291,0.499,업무 유입형,군집 0: 업무 유입 중심
방이,1,0.05665004820133234,0.3117197500148312,0.001862410497300114,-0.005811324100468135,5호선,16796,1.023,Balanced,-0.11,0.497,혼합형,군집 1: 주거 유출·귀가 중심
방화,1,0.02325409861987368,0.6801898186962076,-0.05438155847937506,0.00523945705128454,5호선,15462,0.952,Balanced,-0.398,0.488,주거 유출·귀가형,군집 1: 주거 유출·귀가 중심
버티고개,1,0.045960452020519973,0.4196615609390584,-0.005863239973554347,0.002880797426986521,6호선,5054,1.012,Balanced,-0.11,0.516,혼합형,군집 1: 주거 유출·귀가 중심
보라매,1,0.0359783720256436,0.5236010555225609,-0.016288733269278072,0.006031458207048481,7호선,15206,1.016,Balanced,-0.2,0.521,주거 유출·귀가형,군집 1: 주거 유출·귀가 중심
보문,1,0.026131921846799896,0.612672848994191,-0.03094072920234592,0.011885785781705061,6호선,17724,0.972,Balanced,-0.256,0.524,주거 유출·귀가형,군집 1: 주거 유출·귀가 중심
복정,1,0.033996388923019295,0.5704984190659992,-0.0288526724381863,0.012375958025757345,8호선,20351,0.895,Balanced,-0.219,0.552,주거 유출·귀가형,군집 1: 주거 유출·귀가 중심
봉천,1,0.04169221712976141,0.6775957880400681,-0.0827159612376145,0.004897984507234224,2호선,52837,0.97,Balanced,-0.571,0.516,주거 유출·귀가형,군집 1: 주거 유출·귀가 중심
봉화산(서울의료원),1,0.05071103258239716,0.6524748993312647,-0.08728247067651618,0.019557660607303583,6호선,19150,0.846,Balanced,-0.555,0.524,주거 유출·귀가형,군집 1: 주거 유출·귀가 중심
불광,1,0.021216089443032125,0.6544560799118259,-0.04057163683308115,-0.01451419605311224,"3호선, 6호선",47753,1.107,Balanced,-0.356,0.475,주거 유출·귀가형,군집 1: 주거 유출·귀가 중심
불암산,1,0.04809430916178848,0.6380486788875923,-0.07816832168457725,0.006260271737918849,4호선,19943,1.122,Balanced,-0.528,0.476,주거 유출·귀가형,군집 1: 주거 유출·귀가 중심
사가정,1,0.021733085194021978,0.7122801690910595,-0.06513675058282643,-0.0014080907453014508,7호선,35533,0.983,Balanced,-0.478,0.507,주거 유출·귀가형,군집 1: 주거 유출·귀가 중심
사당,1,0.045858980673301825,0.5060563472332483,-0.024861648552576845,-0.021720071186259172,"2호선, 4호선",148914,1.182,Balanced,-0.286,0.488,주거 유출·귀가형,군집 1: 주거 유출·귀가 중심
산성,1,0.05674151198800736,0.6518733160083456,-0.09987703817770169,0.017790702501351282,8호선,13960,0.949,Balanced,-0.64,0.532,주거 유출·귀가형,군집 1: 주거 유출·귀가 중심
삼각지(전쟁기념관),0,0.04339271792645224,0.32803890260087104,0.051366080507451554,-0.009886392448879677,"4호선, 6호선",31165,1.342,Weekend-relative-strong,0.186,0.506,업무 유입형,군집 0: 업무 유입 중심
삼성(무역센터),0,0.07338369270311743,0.5424188973912987,0.14972812792152493,0.007683312178398666,2호선,123725,0.835,Balanced,0.756,0.561,업무 유입형,군집 0: 업무 유입 중심
상계,1,0.04070690582397094,0.6685746956262444,-0.0776469328615241,0.0011456017941007825,4호선,41893,1.004,Balanced,-0.537,0.484,주거 유출·귀가형,군집 1: 주거 유출·귀가 중심
상도,1,0.021627332726514382,0.6374414514889489,-0.03439015175650081,-0.010753651072897115,7호선,27372,0.885,Balanced,-0.321,0.487,주거 유출·귀가형,군집 1: 주거 유출·귀가 중심
상봉,1,0.020597050263995706,0.6908550953976864,-0.055583282022842795,-0.0012397761817439126,7호선,37807,1.063,Balanced,-0.419,0.513,주거 유출·귀가형,군집 1: 주거 유출·귀가 중심
상수,0,0.07850323571154888,0.12012646974875851,0.03375180092844575,-0.04991015647748604,6호선,23145,1.375,Weekend-relative-strong,0.094,0.429,혼합형,군집 0: 업무 유입 중심
상왕십리,1,0.023581954877538332,0.6719023823433348,-0.05057313821559025,0.006849977027689043,2호선,31943,0.924,Balanced,-0.376,0.531,주거 유출·귀가형,군집 1: 주거 유출·귀가 중심
상월곡(한국과학기술연구원),1,0.022400917268785518,0.6678548434116196,-0.04873163890759149,0.00656032632371971,6호선,14473,0.867,Balanced,-0.374,0.5,주거 유출·귀가형,군집 1: 주거 유출·귀가 중심
상일동,1,0.05100854834746782,0.6453542152986788,-0.08521527064373018,0.01772394295745922,5호선,32552,0.824,Balanced,-0.546,0.526,주거 유출·귀가형,군집 1: 주거 유출·귀가 중심
새절(신사),1,0.041997550909696514,0.6894688595295765,-0.0872802009179248,0.009986410392702118,6호선,27442,0.917,Balanced,-0.577,0.518,주거 유출·귀가형,군집 1: 주거 유출·귀가 중심
서대문,0,0.09763037341407968,0.4567761458636665,0.14315208750970204,0.06352023515049612,5호선,46943,0.512,Weekday-oriented,0.633,0.613,업무 유입형,군집 0: 업무 유입 중심
서울대입구(관악구청),1,0.0248149190994095,0.6564355201950574,-0.046779915276625735,-0.007480442209511509,2호선,100988,1.013,Balanced,-0.382,0.496,주거 유출·귀가형,군집 1: 주거 유출·귀가 중심
서울역,0,0.028120075151502152,0.4046676515132214,0.05697378579373576,-0.0029593015227691775,"1호선, 4호선",189242,1.209,Weekend-relative-strong,0.258,0.517,업무 유입형,군집 0: 업무 유입 중심
서초,0,0.03753427492632134,0.5536738410228761,0.10789725760758408,0.010640856925345759,2호선,48497,0.914,Balanced,0.538,0.54,업무 유입형,군집 0: 업무 유입 중심
석계,1,0.030606766544662472,0.7067985908663236,-0.07606516115319244,-0.002192099897142866,6호선,28078,0.952,Balanced,-0.542,0.496,주거 유출·귀가형,군집 1: 주거 유출·귀가 중심
석촌,1,0.060005221740592946,0.27526651613234066,0.004435459220586862,-0.022706063071627557,8호선,20647,1.098,Balanced,-0.098,0.482,혼합형,군집 1: 주거 유출·귀가 중심
선릉,0,0.05837609280468379,0.5561005620823373,0.1339712762473213,0.0036742500671545107,2호선,125904,0.544,Weekday-oriented,0.696,0.544,업무 유입형,군집 0: 업무 유입 중심
성수,0,0.05290679742862342,0.5451954772964492,0.12214120272976103,-0.007523369166333061,2호선,112088,1.177,Balanced,0.61,0.52,업무 유입형,군집 0: 업무 유입 중심
성신여대입구(돈암),1,0.04922059419054991,0.43415665290815664,-0.012117916637511151,-0.02817422144336593,4호선,48326,1.111,Balanced,-0.19,0.448,주거 유출·귀가형,군집 1: 주거 유출·귀가 중심
송정,1,0.02140474688297921,0.6426937510850002,-0.03618836433145465,-0.008518887679802805,5호선,13622,1.061,Balanced,-0.3,0.475,주거 유출·귀가형,군집 1: 주거 유출·귀가 중심
송파,1,0.014566387959262708,0.675395966013201,-0.0417890033496188,0.00029815655953741114,8호선,21806,0.89,Balanced,-0.338,0.509,주거 유출·귀가형,군집 1: 주거 유출·귀가 중심
수락산,1,0.028194436238522642,0.6907970962145479,-0.0662695991570661,-0.00693454422952596,7호선,27245,1.101,Balanced,-0.498,0.477,주거 유출·귀가형,군집 1: 주거 유출·귀가 중심
수서,0,0.06647904795673963,-0.10298695649848535,0.01744821059120223,-0.004000910470536225,3호선,41473,1.066,Balanced,0.035,0.496,혼합형,군집 0: 업무 유입 중심
수유(강북구청),1,0.01995607746507896,0.6822505661141937,-0.05105231790485178,-0.00733380157486185,4호선,74535,1.067,Balanced,-0.404,0.482,주거 유출·귀가형,군집 1: 주거 유출·귀가 중심
수진,1,0.024086197801534554,0.6450513484326319,-0.041537010100162745,-0.0017476758636494538,8호선,11797,1.084,Balanced,-0.346,0.478,주거 유출·귀가형,군집 1: 주거 유출·귀가 중심
숙대입구(갈월),0,0.0399475053324971,0.31454378628475366,0.04654444950636025,-0.015488796116777288,4호선,33508,1.053,Balanced,0.175,0.488,업무 유입형,군집 0: 업무 유입 중심
숭실대입구(살피재),1,0.03569679206589121,0.5600161782052449,-0.02773093345398933,-0.02004898566672925,7호선,31858,0.818,Balanced,-0.299,0.469,주거 유출·귀가형,군집 1: 주거 유출·귀가 중심
시청,0,0.10646418530347371,0.48390873222333464,0.1731795375078272,0.04666999218800098,"1호선, 2호선",121004,0.763,Weekday-oriented,0.803,0.595,업무 유입형,군집 0: 업무 유입 중심
신금호,1,0.019129754752822182,0.6849682053500239,-0.05130329725687181,0.0028620017551900328,5호선,14634,0.875,Balanced,-0.386,0.522,주거 유출·귀가형,군집 1: 주거 유출·귀가 중심
신길,1,0.0531647085737042,0.5512141992581853,-0.0487374737340861,0.03916990519145424,5호선,11394,0.941,Balanced,-0.316,0.588,주거 유출·귀가형,군집 1: 주거 유출·귀가 중심
신답,1,0.08148583239402966,0.5662806163788702,-0.11169480074180434,0.017162997790214914,2호선,4002,0.841,Balanced,-0.685,0.57,주거 유출·귀가형,군집 1: 주거 유출·귀가 중심
신당,1,0.05825098488060042,0.2823129946050673,0.004743948392872585,-0.016281669105880178,"2호선, 6호선",51973,1.081,Balanced,-0.081,0.483,혼합형,군집 1: 주거 유출·귀가 중심
신대방,1,0.051553394354326314,0.6528628807333481,-0.0913573503049277,0.007576262744536282,2호선,53665,1.078,Balanced,-0.61,0.506,주거 유출·귀가형,군집 1: 주거 유출·귀가 중심
신대방삼거리,1,0.03514510542744353,0.6928335916524271,-0.07748656371061245,0.0020335534390130694,7호선,32837,0.931,Balanced,-0.548,0.516,주거 유출·귀가형,군집 1: 주거 유출·귀가 중심
신도림,1,0.028154547515896917,0.5835526705565711,-0.024743315037558167,-0.0011425735694381932,2호선,105871,1.168,Balanced,-0.232,0.503,주거 유출·귀가형,군집 1: 주거 유출·귀가 중심
신림,1,0.049443109446319,0.6530947056368884,-0.08776389244666889,0.000468147723963442,2호선,118273,1.111,Balanced,-0.606,0.506,주거 유출·귀가형,군집 1: 주거 유출·귀가 중심
신사,0,0.05912267792279406,0.4857947831875025,0.10491355473276073,-0.02568658953940639,3호선,61819,0.932,Balanced,0.537,0.518,업무 유입형,군집 0: 업무 유입 중심
신설동,0,0.04285583972098208,0.272627983511559,0.0429230001631834,0.0023662001899272954,"1호선, 2호선",38852,1.122,Balanced,0.193,0.505,업무 유입형,군집 0: 업무 유입 중심
신용산,0,0.03054650272102892,0.5492636080641737,0.09898261740658827,-0.006238611433468098,4호선,47452,1.132,Balanced,0.458,0.536,업무 유입형,군집 0: 업무 유입 중심
신정(은행정),1,0.0664773030660823,0.6179982552445265,-0.104760630421713,0.027664679986841592,5호선,27497,0.902,Balanced,-0.628,0.545,주거 유출·귀가형,군집 1: 주거 유출·귀가 중심
신정네거리,1,0.05508914537218579,0.6497993956836445,-0.0968979307961414,0.00760843437478652,2호선,23147,0.931,Balanced,-0.647,0.522,주거 유출·귀가형,군집 1: 주거 유출·귀가 중심
신촌,0,0.07066732726633422,0.1418789402849768,0.033877744447623405,-0.050834577147317574,2호선,82627,1.199,Balanced,0.096,0.426,혼합형,군집 0: 업무 유입 중심
신풍,1,0.019077496744643926,0.7050340681909981,-0.059517839355640596,0.00623380888716871,7호선,25772,0.971,Balanced,-0.428,0.519,주거 유출·귀가형,군집 1: 주거 유출·귀가 중심
신흥,1,0.02330556623435437,0.7037113931795095,-0.06492747780807782,-0.006654135201208716,8호선,11735,1.064,Balanced,-0.488,0.488,주거 유출·귀가형,군집 1: 주거 유출·귀가 중심
쌍문,1,0.04432377727180769,0.6802522633945904,-0.0885610140100873,0.004864614652273872,4호선,62011,0.997,Balanced,-0.599,0.495,주거 유출·귀가형,군집 1: 주거 유출·귀가 중심
아차산(어린이대공원후문),1,0.015621247975271785,0.6727851284602064,-0.04150744513758662,-0.003662385100564969,5호선,31616,1.199,Balanced,-0.348,0.498,주거 유출·귀가형,군집 1: 주거 유출·귀가 중심
아현,1,0.017747261615533434,0.6661834670431569,-0.04086019531107622,-0.004392477114349851,2호선,23662,0.981,Balanced,-0.326,0.496,주거 유출·귀가형,군집 1: 주거 유출·귀가 중심
안국,0,0.06552252175157545,0.5088951415231808,0.125551110727033,-0.020362082796594943,3호선,59799,1.198,Balanced,0.727,0.487,업무 유입형,군집 0: 업무 유입 중심
안암(고대병원앞),0,0.05283001151140212,0.4288819670859533,0.07709298295355699,-0.04064403687369703,6호선,30742,0.771,Weekday-oriented,0.432,0.426,업무 유입형,군집 0: 업무 유입 중심
암사,1,0.043251451099019296,0.6850134385272963,-0.08784119945207318,0.011161770280311487,8호선,34911,0.947,Balanced,-0.581,0.526,주거 유출·귀가형,군집 1: 주거 유출·귀가 중심
암사역사공원,1,0.04831320100899505,0.660186364557863,-0.08678207053068906,0.022638867449326836,8호선,13875,0.873,Balanced,-0.533,0.55,주거 유출·귀가형,군집 1: 주거 유출·귀가 중심
압구정,0,0.04726467002353702,0.512665499455655,0.10127773764273894,-0.02425928429600095,3호선,70468,0.963,Balanced,0.523,0.501,업무 유입형,군집 0: 업무 유입 중심
애오개,1,0.02784754696608438,0.6029106569790021,-0.030503142941405385,0.01035359532165756,5호선,14790,0.841,Balanced,-0.254,0.533,주거 유출·귀가형,군집 1: 주거 유출·귀가 중심
약수,1,0.06055605529323856,0.21648458460196823,0.010217088912321998,-0.01084322317449151,"3호선, 6호선",36275,0.991,Balanced,-0.04,0.493,혼합형,군집 1: 주거 유출·귀가 중심
양재(서초구청),0,0.04374733503803595,0.5463181669572779,0.10969058986136399,0.02652044901527683,3호선,88166,0.701,Weekday-oriented,0.505,0.584,업무 유입형,군집 0: 업무 유입 중심
양천구청,1,0.04534594768351191,0.673738897541109,-0.08719447195919525,0.010769400196730805,2호선,15828,0.871,Balanced,-0.582,0.521,주거 유출·귀가형,군집 1: 주거 유출·귀가 중심
양평,0,0.08640656769645877,0.04170671371908939,0.029719243610691608,0.06366642606412452,5호선,18783,0.651,Weekday-oriented,0.076,0.628,혼합형,군집 0: 업무 유입 중심
어린이대공원(세종대),0,0.041701414759709926,0.3695506644065631,0.05662604337497084,-0.018325991607771104,7호선,37529,0.919,Balanced,0.244,0.469,업무 유입형,군집 0: 업무 유입 중심
여의나루,0,0.06096053550437129,0.5115416496491698,0.1194109451931896,0.01595991757685779,5호선,29288,1.359,Weekend-relative-strong,0.56,0.571,업무 유입형,군집 0: 업무 유입 중심
여의도,0,0.11303503140689586,0.44484479892291695,0.16409454520078554,0.05038223601500124,5호선,68910,0.608,Weekday-oriented,0.761,0.64,업무 유입형,군집 0: 업무 유입 중심
역삼,0,0.09437814229511549,0.4967949173411184,0.16078747187309214,0.025571240777365608,2호선,126467,0.429,Weekday-oriented,0.771,0.61,업무 유입형,군집 0: 업무 유입 중심
역촌,1,0.03169742334973923,0.6873118216677834,-0.07001979202113802,0.004638822629997546,6호선,9337,0.973,Balanced,-0.508,0.509,주거 유출·귀가형,군집 1: 주거 유출·귀가 중심
연신내,1,0.0201846474575956,0.7113641696457941,-0.06363241833787177,-0.008317898547565228,3호선,77596,1.107,Balanced,-0.477,0.486,주거 유출·귀가형,군집 1: 주거 유출·귀가 중심
영등포구청,0,0.046037581925995295,0.38028254817266727,0.06260592353224957,0.03446578906019063,"2호선, 5호선",64546,0.755,Weekday-oriented,0.238,0.576,업무 유입형,군집 0: 업무 유입 중심
영등포시장,0,0.06256825560762877,0.01774504369292547,0.025329026453729652,0.01583921268802495,5호선,26668,1.035,Balanced,0.057,0.55,혼합형,군집 0: 업무 유입 중심
오금,1,0.044707761959138975,0.49516261557089714,-0.02058647567955966,0.03338061504303137,"3호선, 5호선",22590,0.792,Weekday-oriented,-0.172,0.558,주거 유출·귀가형,군집 1: 주거 유출·귀가 중심
오목교(목동운동장앞),1,0.054555800952369275,0.31767224455131343,0.0024174096838359125,-0.00917460250205967,5호선,48040,0.984,Balanced,-0.095,0.51,혼합형,군집 1: 주거 유출·귀가 중심
옥수,1,0.026545589776484534,0.6453895331906739,-0.04419672282530872,-0.017378321006249513,3호선,20315,1.044,Balanced,-0.384,0.486,주거 유출·귀가형,군집 1: 주거 유출·귀가 중심
온수(성공회대입구),1,0.04154275063947409,0.6603538234904637,-0.07378433127722878,0.026281768061026344,7호선,22234,0.732,Weekday-oriented,-0.459,0.548,주거 유출·귀가형,군집 1: 주거 유출·귀가 중심
올림픽공원(한국체대),1,0.049970341629652214,0.4065069730858298,-0.008576209754072136,-0.015543802801074813,5호선,10412,1.621,Weekend-relative-strong,-0.147,0.458,혼합형,군집 1: 주거 유출·귀가 중심
왕십리(성동구청),1,0.059244279534200334,0.3213847399898681,-0.0008586725715429594,-0.025390567562365605,"2호선, 5호선",44082,1.121,Balanced,-0.135,0.471,혼합형,군집 1: 주거 유출·귀가 중심
용답,1,0.03242472562591812,0.6544043885202746,-0.058256319447509315,-0.009868078797098476,2호선,6918,1.013,Balanced,-0.432,0.482,주거 유출·귀가형,군집 1: 주거 유출·귀가 중심
용두(동대문구청),1,0.038379457406869044,0.5411087953098507,-0.024999546025348433,-0.014524608598361162,2호선,5765,1.003,Balanced,-0.264,0.48,주거 유출·귀가형,군집 1: 주거 유출·귀가 중심
용마산(용마폭포공원),1,0.03704359657656125,0.6952300040721103,-0.0805348947007818,0.013336146611475246,7호선,12571,1.011,Balanced,-0.539,0.516,주거 유출·귀가형,군집 1: 주거 유출·귀가 중심
우장산,1,0.02065095696429854,0.7071322923137796,-0.0626211292801707,-0.004204827770113176,5호선,33350,0.912,Balanced,-0.456,0.489,주거 유출·귀가형,군집 1: 주거 유출·귀가 중심
월곡(동덕여대),1,0.017023562736513866,0.6582581461495253,-0.037688353036275185,0.004560726607908515,6호선,27073,0.811,Balanced,-0.309,0.513,주거 유출·귀가형,군집 1: 주거 유출·귀가 중심
월드컵경기장(성산),1,0.07866737986720676,0.23451749910730305,-0.0013276247208029112,-0.05499935389323352,6호선,10832,2.348,Weekend-relative-strong,-0.194,0.421,주거 유출·귀가형,군집 1: 주거 유출·귀가 중심
을지로3가,0,0.06995416008483889,0.5285836519139715,0.13697486361946776,0.027559834315667445,"2호선, 3호선",85146,0.836,Balanced,0.643,0.574,업무 유입형,군집 0: 업무 유입 중심
을지로4가,0,0.04903383805261086,0.5546214583508684,0.12202451116166219,0.007784141478307303,"2호선, 5호선",48063,0.808,Balanced,0.643,0.528,업무 유입형,군집 0: 업무 유입 중심
을지로입구,0,0.07059669697638711,0.5406961926734727,0.1436887112877099,0.019733923311355338,2호선,113134,0.909,Balanced,0.694,0.556,업무 유입형,군집 0: 업무 유입 중심
응암,1,0.04374798992876515,0.6863288455317974,-0.08987228666638422,0.0047105415005556815,6호선,39563,0.965,Balanced,-0.607,0.518,주거 유출·귀가형,군집 1: 주거 유출·귀가 중심
이대,0,0.06852778390200265,-0.001634596501115323,0.022434140248496503,-0.03078040659492754,2호선,39549,0.973,Balanced,0.044,0.455,혼합형,군집 0: 업무 유입 중심
이수,1,0.06382062170520739,0.22526738787797113,0.00820002072030981,-0.019372903199031018,7호선,37048,0.99,Balanced,-0.088,0.491,혼합형,군집 1: 주거 유출·귀가 중심
이촌(국립중앙박물관),0,0.07106133875164326,0.157816950459964,0.03515939929299744,-0.041308948689451785,4호선,22003,1.544,Weekend-relative-strong,0.141,0.425,혼합형,군집 0: 업무 유입 중심
이태원,0,0.064921141858454,0.2790045869072832,0.0522239657734215,-0.04231662883777059,6호선,24743,1.74,Weekend-relative-strong,0.259,0.421,업무 유입형,군집 0: 업무 유입 중심
일원,0,0.08941181477222944,-0.05921443104290375,0.016966215124524894,-0.016329926515400807,3호선,25563,0.654,Weekday-oriented,0.097,0.475,혼합형,군집 0: 업무 유입 중심
자양(뚝섬한강공원),1,0.0320685408552939,0.6136290730963931,-0.040630112348224834,-0.019525146791490904,7호선,19505,1.547,Weekend-relative-strong,-0.372,0.482,주거 유출·귀가형,군집 1: 주거 유출·귀가 중심
잠실(송파구청),0,0.058576825916216664,0.13496310902228859,0.03254650178859064,-0.026069700937351996,"2호선, 8호선",211206,1.308,Weekend-relative-strong,0.086,0.481,혼합형,군집 0: 업무 유입 중심
잠실나루,1,0.049836460796250155,0.40516814638588045,-0.008156709993184475,-0.004005839638420826,2호선,33795,0.689,Weekday-oriented,-0.122,0.493,혼합형,군집 1: 주거 유출·귀가 중심
잠실새내,1,0.0299677657607751,0.6336516888190347,-0.04549356734015895,-0.02189467118082346,2호선,51902,1.063,Balanced,-0.4,0.483,주거 유출·귀가형,군집 1: 주거 유출·귀가 중심
잠원,1,0.036300959422316495,0.5632679859108367,-0.030016286175643093,-0.009649391351856405,3호선,13311,0.905,Balanced,-0.259,0.484,주거 유출·귀가형,군집 1: 주거 유출·귀가 중심
장승배기,1,0.020456944876008763,0.6485058402495697,-0.0370468545611687,-0.0029002599332799287,7호선,20964,0.895,Balanced,-0.319,0.492,주거 유출·귀가형,군집 1: 주거 유출·귀가 중심
장암,1,0.15802178695767236,0.348007371871877,-0.11972880423766469,0.06059768554911185,7호선,4357,1.21,Weekend-relative-strong,-0.625,0.548,주거 유출·귀가형,군집 1: 주거 유출·귀가 중심
장지,1,0.05600630399371208,0.2860950574939612,0.004780532463518711,0.010620793447815469,8호선,36863,0.94,Balanced,-0.036,0.543,혼합형,군집 1: 주거 유출·귀가 중심
장한평,1,0.0527004766789214,0.39995851561753837,-0.00787368734870723,0.031466131664329086,5호선,44844,0.825,Balanced,-0.12,0.579,혼합형,군집 1: 주거 유출·귀가 중심
제기동,0,0.09208170724209239,0.0678198152698488,0.027834949431283014,-0.052864115214028846,1호선,35645,1.231,Weekend-relative-strong,0.123,0.375,혼합형,군집 0: 업무 유입 중심
종각,0,0.0843232407321403,0.5270552660146772,0.1593070695601366,0.02291173261991057,1호선,88896,0.767,Weekday-oriented,0.769,0.57,업무 유입형,군집 0: 업무 유입 중심
종로3가,0,0.05978478421552853,0.4479459502534591,0.08867118262033462,-0.05736676438193083,"1호선, 3호선, 5호선",111090,1.276,Weekend-relative-strong,0.511,0.41,업무 유입형,군집 0: 업무 유입 중심
종로5가,0,0.05717604732151653,0.47917934142696794,0.09935380649508808,-0.04244799334405383,1호선,50962,1.093,Balanced,0.607,0.425,업무 유입형,군집 0: 업무 유입 중심
종합운동장,1,0.13714659500592058,0.1480132502095566,-0.0071899196000571285,-0.05108804482044509,2호선,28476,1.705,Weekend-relative-strong,-0.346,0.479,주거 유출·귀가형,군집 1: 주거 유출·귀가 중심
중계,1,0.03215800501569522,0.6791733404909484,-0.06662521005310525,0.01551153913770448,7호선,31892,0.887,Balanced,-0.454,0.514,주거 유출·귀가형,군집 1: 주거 유출·귀가 중심
중곡,1,0.03269434454592495,0.569717487829457,-0.02526748517281141,0.014883990047574729,7호선,23963,0.874,Balanced,-0.21,0.535,주거 유출·귀가형,군집 1: 주거 유출·귀가 중심
중화,1,0.013394824214735052,0.7062526527906843,-0.053297300035393506,0.005950439144725062,7호선,23790,0.953,Balanced,-0.391,0.508,주거 유출·귀가형,군집 1: 주거 유출·귀가 중심
증산(명지대앞),1,0.039602432754699116,0.6942705309114562,-0.0854540596777798,0.004402781624835606,6호선,20691,1.003,Balanced,-0.586,0.512,주거 유출·귀가형,군집 1: 주거 유출·귀가 중심
지축,1,0.029448010834379076,0.7011976217035168,-0.071446812508107,0.007987145523891109,3호선,17108,0.93,Balanced,-0.489,0.52,주거 유출·귀가형,군집 1: 주거 유출·귀가 중심
창동,1,0.02789093759287958,0.6272311719431075,-0.04004509141537813,-0.016641587448661684,4호선,60672,1.069,Balanced,-0.35,0.462,주거 유출·귀가형,군집 1: 주거 유출·귀가 중심
창신,1,0.042521019067022305,0.635720015644775,-0.06676028823394105,0.020133465366354585,6호선,7569,0.844,Balanced,-0.425,0.528,주거 유출·귀가형,군집 1: 주거 유출·귀가 중심
천왕,1,0.04534821965868457,0.67682528976714,-0.08751554451996647,0.020227446933213714,7호선,26191,0.799,Weekday-oriented,-0.565,0.543,주거 유출·귀가형,군집 1: 주거 유출·귀가 중심
천호(풍납토성),1,0.04958822364195618,0.40948305729105056,-0.007460962623225749,-0.024519029064079555,"5호선, 8호선",82983,1.171,Balanced,-0.153,0.477,주거 유출·귀가형,군집 1: 주거 유출·귀가 중심
철산,1,0.02790465865900642,0.694792396622634,-0.06719814726605239,0.004951127756080385,7호선,48849,0.909,Balanced,-0.482,0.527,주거 유출·귀가형,군집 1: 주거 유출·귀가 중심
청구,0,0.04378327472117296,0.3146662200648214,0.05024430155915328,0.01996119922919897,"5호선, 6호선",16371,0.862,Balanced,0.204,0.542,업무 유입형,군집 0: 업무 유입 중심
청담,0,0.0763997479570844,0.5266590664002756,0.14511673734841812,0.0325060960349451,7호선,43690,0.693,Weekday-oriented,0.704,0.589,업무 유입형,군집 0: 업무 유입 중심
청량리(서울시립대입구),1,0.06590729216201027,0.3315152663210167,-0.009837327568849195,-0.0410830700323733,1호선,48576,1.288,Weekend-relative-strong,-0.182,0.413,주거 유출·귀가형,군집 1: 주거 유출·귀가 중심
총신대입구(이수),1,0.038273000404074504,0.528367448070686,-0.0205775004456574,-0.01906209896216928,4호선,44865,1.024,Balanced,-0.246,0.486,주거 유출·귀가형,군집 1: 주거 유출·귀가 중심
충무로,0,0.043711329195020084,0.5722076273913381,0.12126267574607569,0.0038406851864626317,4호선,72880,0.752,Weekday-oriented,0.612,0.52,업무 유입형,군집 0: 업무 유입 중심
충정로(경기대입구),0,0.0582472777734723,0.46436548232710084,0.09506545630648415,0.051052936138950976,"2호선, 5호선",35592,0.694,Weekday-oriented,0.421,0.607,업무 유입형,군집 0: 업무 유입 중심
태릉입구,1,0.029810851582253512,0.584047933679351,-0.02606142479994834,-0.01410697875696077,"6호선, 7호선",32673,1.067,Balanced,-0.259,0.469,주거 유출·귀가형,군집 1: 주거 유출·귀가 중심
하계,1,0.02138730602701457,0.6985568146989568,-0.06005759283163003,-0.0011469069615493185,7호선,39240,0.938,Balanced,-0.439,0.492,주거 유출·귀가형,군집 1: 주거 유출·귀가 중심
하남검단산,1,0.031325973406848534,0.6289351836272709,-0.04681420760215175,-0.007426527934844215,5호선,13771,1.298,Weekend-relative-strong,-0.375,0.461,주거 유출·귀가형,군집 1: 주거 유출·귀가 중심
하남시청(덕풍·신장),1,0.026637021634227702,0.6508377426649464,-0.04770607201220335,-0.0037343906518893513,5호선,18560,1.042,Balanced,-0.376,0.468,주거 유출·귀가형,군집 1: 주거 유출·귀가 중심
하남풍산,0,0.06508020289861324,-0.06196346794009124,0.019897347551667968,0.007959535550019376,5호선,10271,0.999,Balanced,0.058,0.507,혼합형,군집 0: 업무 유입 중심
학동,0,0.10969024757665886,0.4742222019555376,0.17368490704017078,0.04215344161985879,7호선,53921,0.559,Weekday-oriented,0.799,0.625,업무 유입형,군집 0: 업무 유입 중심
학여울,0,0.0519267424641061,0.17789631954668936,0.03479443511274016,-0.006608078359902492,3호선,5165,1.477,Weekend-relative-strong,0.144,0.49,혼합형,군집 0: 업무 유입 중심
한강진,0,0.04315712621932876,0.5093347553119305,0.09692417613499199,-0.02699824491371731,6호선,23321,1.541,Weekend-relative-strong,0.476,0.496,업무 유입형,군집 0: 업무 유입 중심
한성대입구(삼선교),1,0.056928082017031575,0.298545063328103,0.0021211993958219063,-0.022198409561231442,4호선,31535,1.084,Balanced,-0.07,0.459,혼합형,군집 1: 주거 유출·귀가 중심
한양대,0,0.06888087347618435,0.4520561453297183,0.10376265492594927,-0.03695726056818651,2호선,29586,0.534,Weekday-oriented,0.586,0.443,업무 유입형,군집 0: 업무 유입 중심
합정,0,0.06199741401296927,0.19556297696231845,0.04030041198574746,-0.023869336965026914,"2호선, 6호선",98658,1.355,Weekend-relative-strong,0.119,0.493,혼합형,군집 0: 업무 유입 중심
행당,1,0.047686117012690044,0.6660650240799044,-0.08917246134041208,0.012399211185380616,5호선,17004,0.906,Balanced,-0.582,0.529,주거 유출·귀가형,군집 1: 주거 유출·귀가 중심
혜화,0,0.054989467852282536,0.4126305592678757,0.07429271673457528,-0.04879634027904269,4호선,77916,1.319,Weekend-relative-strong,0.362,0.426,업무 유입형,군집 0: 업무 유입 중심
홍대입구,0,0.0936536389983125,0.033368795365476926,0.02585460203577698,-0.06372476222277981,2호선,149049,1.721,Weekend-relative-strong,0.024,0.408,혼합형,군집 0: 업무 유입 중심
홍제,1,0.020078017170252573,0.7132598364556375,-0.06399277673225752,-0.004150616867068898,3호선,38810,1.037,Balanced,-0.48,0.493,주거 유출·귀가형,군집 1: 주거 유출·귀가 중심
화곡,1,0.04554026206630683,0.676192951485741,-0.08823556332557367,0.014222220655182256,5호선,61045,0.94,Balanced,-0.567,0.536,주거 유출·귀가형,군집 1: 주거 유출·귀가 중심
화랑대(서울여대입구),1,0.04778378484619381,0.645250422003751,-0.07908902671206725,0.02306063754184502,6호선,24153,0.827,Balanced,-0.5,0.532,주거 유출·귀가형,군집 1: 주거 유출·귀가 중심
회현(남대문시장),0,0.06893280678525593,0.5107876053074502,0.1306861313152473,-0.020655217981780234,4호선,63522,0.945,Balanced,0.763,0.462,업무 유입형,군집 0: 업무 유입 중심
효창공원앞,1,0.05905801984074088,0.2734101322950073,0.005107403274838276,0.015059251689323098,6호선,16575,0.893,Balanced,-0.058,0.534,혼합형,군집 1: 주거 유출·귀가 중심
